"Name","Ranking by BC","Betweenness Centrality (BC)","Degree"
"starPep_00000","78","1372.061021259675","22"
"HIPdb","929","21.625959823404358","16"
"ADAM","10","22132.977487109845","485"
"DRAMP_Patent","17","6966.631769987964","206"
"StraPep","194","686.4517222956428","75"
"AntiTbPdb","365","197.81136519832586","39"
"RAPD","579","72.09960077061783","23"
"CAMP_Patent","186","712.1390375037166","50"
"NeuroPep","1689","1.3106473058203825","4"
"YADAMP","11","20670.95078362346","473"
"ParaPep","173","766.7794085020746","73"
"DBAASP","3","393127.54904374736","1431"
"CAMP_Validated","13","17361.42412335779","447"
"AVPdb","370","179.11210358960017","35"
"BaAMP","390","153.9043801241762","36"
"LAMP_Patent","441","123.25855673867983","21"
"APD","14","17236.4587161968","431"
"DRAMP_General","5","97582.91226569115","717"
"Hemolytik","2","607414.29588088","1694"
"CancerPPD","79","1362.0628501843164","98"
"dbAMP","9","31806.463800715108","494"
"InverPep","18","5436.630577297537","137"
"SATPdb","1","788498.7282861703","1817"
"starPep_00001","54","1551.068826274081","21"
"AMSDb","16","8587.826785469704","149"
"LAMP_Experimental","7","45001.667324962524","482"
"CAMP_Structure","266","396.5413124632789","46"
"UniProtKb","4","149957.61649149042","333"
"starPep_00002","185","713.4082202445113","21"
"ANTISTAPHYBASE","45","1707.6503548625458","147"
"starPep_00003","51","1624.071219448868","21"
"DAMPD","12","20323.339403659367","186"
"AMPer","15","9032.101679257314","120"
"starPep_00004","118","1117.3256502809627","21"
"DRAMP_Clinical","1041","2.7325481262799345","5"
"starPep_00005","212","583.4212825452988","19"
"starPep_00006","48","1634.7458758004375","19"
"DADP","8","40262.03207114356","199"
"starPep_00007","62","1476.3139052187262","19"
"starPep_00008","215","543.3757207605291","19"
"Defensins","1015","7.308049650631578","2"
"starPep_00010","44","1723.4497483931268","18"
"starPep_00011","50","1628.9700867377335","18"
"starPep_00012","47","1698.191672968627","18"
"starPep_00015","61","1477.2961027435126","18"
"starPep_00016","67","1437.417917995909","18"
"PhytAMP","1012","10.545537593696098","13"
"starPep_00018","226","508.00477148839644","18"
"starPep_00020","231","482.08262542591103","18"
"starPep_00022","52","1574.9353352321148","17"
"starPep_00025","177","755.9065982016525","17"
"MilkAMP","1016","6.670042786850488","8"
"starPep_00032","82","1334.670828726251","17"
"starPep_00034","49","1630.9572884018405","17"
"starPep_00035","86","1312.8739759792327","17"
"starPep_00037","55","1549.2601546061048","17"
"starPep_00038","114","1132.1670046406707","17"
"starPep_00039","87","1308.1713162682886","17"
"starPep_00041","84","1323.0802151122348","17"
"starPep_00042","293","383.21083980183556","17"
"starPep_00043","88","1304.7476145595615","17"
"starPep_00045","56","1513.4593531717164","16"
"starPep_00047","39","2267.03057912273","16"
"starPep_00051","85","1321.0623956268876","16"
"starPep_00055","59","1508.4497239126867","16"
"starPep_00056","73","1387.4370706753837","16"
"starPep_00060","74","1386.7941730802982","16"
"starPep_00061","68","1411.5119036434578","16"
"starPep_00062","111","1163.7122696444117","16"
"starPep_00064","60","1487.065110522358","16"
"starPep_00065","131","1062.934756885336","16"
"starPep_00066","164","834.2570997866173","16"
"starPep_00068","153","940.321874056207","16"
"starPep_00069","53","1553.9259504479664","16"
"starPep_00070","19","3961.6594869909936","16"
"CyBase_Cyclotides","6","59211.390031710485","56"
"starPep_00071","105","1213.8330535468592","16"
"starPep_00072","130","1064.1939747133868","16"
"starPep_00073","72","1395.5048610652202","16"
"starPep_00076","69","1411.5119036434578","16"
"starPep_00077","57","1513.4593531717164","16"
"starPep_00080","107","1208.5611195808776","16"
"starPep_00081","206","604.4298942270675","16"
"starPep_00082","154","895.9939603591649","16"
"starPep_00085","96","1257.5793032286833","16"
"starPep_00088","58","1513.4593531717164","16"
"starPep_00089","291","389.1147514004233","16"
"starPep_00093","98","1245.3610391450356","16"
"starPep_00094","97","1256.0829810163732","16"
"starPep_00098","146","983.4192956718168","15"
"starPep_00099","119","1111.883386801653","15"
"starPep_00102","99","1223.9413643886016","15"
"starPep_00103","245","421.27492822841947","15"
"starPep_00105","106","1211.0874503855746","15"
"starPep_00106","95","1262.2768712180664","15"
"starPep_00107","100","1223.9413643886016","15"
"starPep_00108","168","788.9380348525209","15"
"starPep_00111","209","597.5477982365827","15"
"starPep_00112","70","1408.710953132748","15"
"starPep_00113","112","1147.0817540672767","15"
"starPep_00114","108","1201.870105552975","15"
"starPep_00116","308","345.51411350333603","15"
"starPep_00118","169","788.9380348525209","15"
"starPep_00119","170","788.9380348525209","15"
"starPep_00120","143","1029.7766128940757","15"
"starPep_00121","63","1463.8776157534826","15"
"starPep_00122","64","1463.8776157534826","15"
"starPep_00124","314","326.94372493859277","15"
"starPep_00126","310","334.99068485745283","15"
"starPep_00130","65","1463.8776157534826","15"
"starPep_00131","22","3549.2500310758764","15"
"starPep_00132","101","1223.9413643886016","15"
"starPep_00134","71","1397.4264321296805","15"
"starPep_00136","354","215.20116685814583","15"
"starPep_00137","102","1223.9413643886016","15"
"starPep_00138","66","1463.8776157534826","15"
"starPep_00139","20","3898.139484505457","15"
"starPep_00140","103","1223.9413643886016","15"
"starPep_00141","104","1223.9413643886016","15"
"starPep_00142","83","1329.0155693953573","15"
"starPep_00143","296","376.3007993119378","15"
"starPep_00148","109","1192.6829489352403","15"
"starPep_00156","331","281.5732611591573","15"
"starPep_00158","328","289.02421973915904","15"
"Bagel_II","1970","0.0","1"
"starPep_00162","151","958.5792683015057","14"
"starPep_00173","120","1106.7316580927024","14"
"starPep_00177","75","1386.0527735303217","14"
"starPep_00178","132","1051.1583330280566","14"
"starPep_00179","121","1106.7316580927024","14"
"starPep_00182","309","340.543588282165","14"
"starPep_00184","133","1051.1583330280566","14"
"starPep_00185","110","1185.9753372013533","14"
"starPep_00186","80","1346.0860503541035","14"
"starPep_00187","134","1051.1583330280566","14"
"starPep_00188","89","1290.5953974856432","14"
"starPep_00189","129","1069.9214823355635","14"
"starPep_00191","175","762.0080117266234","14"
"starPep_00193","316","321.9065997414809","14"
"starPep_00195","179","744.0285263926277","14"
"starPep_00196","135","1051.1583330280566","14"
"starPep_00197","176","760.176072676157","14"
"starPep_00200","76","1386.0527735303217","14"
"starPep_00201","77","1386.0527735303217","14"
"starPep_00202","122","1106.7316580927024","14"
"starPep_00204","136","1051.1583330280566","14"
"starPep_00207","81","1346.0860503541035","14"
"starPep_00212","345","255.67761204115345","14"
"starPep_00213","137","1051.1583330280566","14"
"starPep_00214","138","1051.1583330280566","14"
"starPep_00216","123","1106.7316580927024","14"
"starPep_00218","126","1083.1831572389501","14"
"starPep_00219","267","393.15355928432604","14"
"starPep_00223","343","264.42113376849306","14"
"starPep_00224","327","289.8724153769287","14"
"starPep_00230","204","628.3894338626608","14"
"starPep_00231","21","3850.903112659874","14"
"starPep_00232","127","1082.8291676555668","14"
"starPep_00236","144","1020.6142219768202","14"
"starPep_00249","360","206.49518330262939","13"
"starPep_00261","125","1085.0672864875137","13"
"starPep_00263","124","1094.1697077952472","13"
"starPep_00268","188","700.5577672579966","13"
"starPep_00272","156","889.0542962080259","13"
"starPep_00275","171","788.7732045891443","13"
"starPep_00277","152","953.4814264336659","13"
"starPep_00280","90","1268.8275053644973","13"
"starPep_00282","91","1268.8275053644973","13"
"starPep_00285","141","1031.1582609193517","13"
"starPep_00286","323","301.183473197927","13"
"starPep_00291","92","1268.8275053644973","13"
"starPep_00297","376","171.47084196552433","13"
"starPep_00298","189","700.5577672579966","13"
"starPep_00304","233","475.751519854508","13"
"starPep_00307","30","2518.9738844598655","13"
"starPep_00310","313","327.63991518068","13"
"starPep_00329","113","1146.5425267181263","13"
"starPep_00332","234","475.751519854508","13"
"starPep_00333","93","1268.8275053644973","13"
"starPep_00337","155","889.1834203972535","13"
"starPep_00341","389","154.13849571003826","13"
"starPep_00342","28","2705.4943299541956","13"
"starPep_00353","359","207.34382328648329","13"
"starPep_00354","183","727.0404090119171","13"
"starPep_00355","172","788.7732045891443","13"
"starPep_00357","174","764.8912075311397","13"
"starPep_00359","301","348.7411517026874","13"
"starPep_00360","320","312.3519020113164","13"
"starPep_00365","349","238.79528525181348","13"
"starPep_00366","142","1031.1582609193517","13"
"starPep_00372","387","159.3675927864189","13"
"starPep_00378","356","214.08192467070418","13"
"starPep_00381","352","222.37485154472236","13"
"starPep_00383","94","1268.8275053644973","13"
"starPep_00384","351","232.06462584469307","13"
"starPep_00386","332","280.1725267337353","13"
"starPep_00395","362","200.70384775536164","13"
"starPep_00397","190","697.4947564331677","12"
"starPep_00402","145","996.1690050726463","12"
"starPep_00411","384","159.85959097862286","12"
"starPep_00419","431","131.3602484481698","12"
"starPep_00420","432","131.3602484481698","12"
"starPep_00421","252","405.7132400565835","12"
"starPep_00422","330","282.499749017785","12"
"starPep_00428","247","417.71695840865294","12"
"starPep_00430","253","405.7132400565835","12"
"starPep_00431","254","405.7132400565835","12"
"starPep_00432","255","405.7132400565835","12"
"starPep_00436","256","405.7132400565835","12"
"starPep_00437","115","1125.888354960296","12"
"starPep_00441","371","177.78991212521694","12"
"starPep_00445","257","405.7132400565835","12"
"starPep_00449","258","405.7132400565835","12"
"starPep_00450","148","969.6100482201942","12"
"starPep_00455","219","516.2780589211114","12"
"starPep_00457","160","854.1145619098197","12"
"starPep_00458","159","870.78371607997","12"
"starPep_00460","372","177.78991212521694","12"
"starPep_00462","259","405.7132400565835","12"
"starPep_00471","220","516.2780589211114","12"
"starPep_00473","116","1125.888354960296","12"
"starPep_00480","355","214.71962673677012","12"
"starPep_00483","248","417.71695840865294","12"
"starPep_00489","32","2424.399137032014","12"
"starPep_00491","198","658.2374968025892","12"
"starPep_00492","117","1125.888354960296","12"
"starPep_00493","199","658.2374968025892","12"
"starPep_00494","433","131.3602484481698","12"
"starPep_00496","368","180.06181436784667","12"
"starPep_00498","260","405.7132400565835","12"
"starPep_00502","147","978.262871907899","12"
"starPep_00506","315","324.9798732201031","12"
"starPep_00507","187","707.6023374053161","12"
"starPep_00510","157","887.2775219825782","12"
"starPep_00512","325","296.3164716162649","12"
"starPep_00514","312","330.80803060654034","12"
"starPep_00517","367","192.5396991164491","12"
"starPep_00518","422","138.7050227193543","12"
"starPep_00519","418","140.85647470776772","12"
"starPep_00524","292","385.96619064736194","12"
"starPep_00527","392","148.7030789363601","12"
"starPep_00528","191","697.4947564331677","12"
"starPep_00537","369","179.6793766315432","12"
"starPep_00542","373","177.78991212521694","12"
"starPep_00545","419","140.85647470776772","12"
"starPep_00546","128","1070.5921476394415","12"
"starPep_00552","375","173.2269040396077","12"
"starPep_00559","385","159.85959097862286","12"
"starPep_00561","386","159.85959097862286","12"
"starPep_00569","448","118.43933688932412","11"
"starPep_00570","435","130.7950572047803","11"
"starPep_00573","436","129.73522838356442","11"
"starPep_00576","357","211.25617748633042","11"
"starPep_00577","166","817.629669656312","11"
"starPep_00578","207","599.3152138953659","11"
"starPep_00592","393","146.85222112194708","11"
"starPep_00596","461","116.46307314878605","11"
"starPep_00599","184","721.6700980812104","11"
"starPep_00602","394","146.85222112194708","11"
"starPep_00603","449","118.43933688932412","11"
"starPep_00605","450","118.43933688932412","11"
"starPep_00606","451","118.43933688932412","11"
"starPep_00607","149","959.0730096255255","11"
"starPep_00608","462","116.46307314878605","11"
"starPep_00609","463","116.46307314878605","11"
"starPep_00610","196","667.8222983780599","11"
"starPep_00611","197","667.8222983780599","11"
"starPep_00617","192","691.4053797121735","11"
"starPep_00622","268","390.9380501874752","11"
"starPep_00624","377","170.91674344745778","11"
"starPep_00625","193","691.4053797121735","11"
"starPep_00627","269","390.9380501874752","11"
"starPep_00628","464","116.46307314878605","11"
"starPep_00631","270","390.9380501874752","11"
"starPep_00632","271","390.9380501874752","11"
"starPep_00635","272","390.9380501874752","11"
"starPep_00636","395","146.85222112194708","11"
"starPep_00637","273","390.9380501874752","11"
"starPep_00638","524","101.53989280684816","11"
"starPep_00641","274","390.9380501874752","11"
"starPep_00642","396","146.85222112194708","11"
"starPep_00643","358","208.30072857216228","11"
"starPep_00647","554","89.28302413957958","11"
"starPep_00648","397","146.85222112194708","11"
"starPep_00655","229","491.995367859529","11"
"starPep_00657","452","118.43933688932412","11"
"starPep_00664","453","118.43933688932412","11"
"starPep_00669","275","390.9380501874752","11"
"starPep_00681","276","390.9380501874752","11"
"starPep_00683","23","3179.0486972221256","11"
"starPep_00686","454","118.43933688932412","11"
"starPep_00688","230","491.995367859529","11"
"starPep_00691","161","836.5371850877083","11"
"starPep_00694","277","390.9380501874752","11"
"starPep_00702","391","153.66780347574118","11"
"starPep_00704","398","146.85222112194708","11"
"starPep_00706","162","836.5371850877083","11"
"starPep_00711","278","390.9380501874752","11"
"starPep_00714","317","313.1726801776455","11"
"starPep_00715","465","116.46307314878605","11"
"starPep_00716","466","116.46307314878605","11"
"starPep_00717","467","116.46307314878605","11"
"starPep_00718","439","125.94467962935694","11"
"starPep_00721","279","390.9380501874752","11"
"starPep_00722","280","390.9380501874752","11"
"starPep_00723","281","390.9380501874752","11"
"starPep_00725","282","390.9380501874752","11"
"starPep_00728","31","2430.8387610157447","11"
"starPep_00731","468","116.46307314878605","11"
"starPep_00733","469","116.46307314878605","11"
"starPep_00737","416","142.2519577718889","11"
"starPep_00738","399","146.85222112194708","11"
"starPep_00739","165","821.6239062641558","11"
"starPep_00747","283","390.9380501874752","11"
"starPep_00751","163","836.5371850877083","11"
"starPep_00752","24","3179.0486972221256","11"
"starPep_00754","284","390.9380501874752","11"
"starPep_00755","470","116.46307314878605","11"
"starPep_00756","471","116.46307314878605","11"
"starPep_00757","455","118.43933688932412","11"
"starPep_00758","456","118.43933688932412","11"
"starPep_00759","457","118.43933688932412","11"
"starPep_00760","423","134.75448233183587","11"
"starPep_00766","400","146.85222112194708","11"
"starPep_00767","401","146.85222112194708","11"
"starPep_00769","318","313.1726801776455","11"
"starPep_00771","472","116.46307314878605","11"
"starPep_00772","285","390.9380501874752","11"
"starPep_00773","473","116.46307314878605","11"
"starPep_00774","474","116.46307314878605","11"
"starPep_00777","475","116.46307314878605","11"
"starPep_00782","286","390.9380501874752","11"
"starPep_00783","287","390.9380501874752","11"
"starPep_00784","402","146.85222112194708","11"
"starPep_00786","403","146.85222112194708","11"
"starPep_00787","404","146.85222112194708","11"
"starPep_00788","405","146.85222112194708","11"
"starPep_00789","406","146.85222112194708","11"
"starPep_00790","288","390.9380501874752","11"
"starPep_00791","374","177.7242860978927","11"
"starPep_00793","200","657.5641422207475","11"
"starPep_00794","407","146.85222112194708","11"
"starPep_00795","476","116.46307314878605","11"
"starPep_00798","477","116.46307314878605","11"
"starPep_00803","383","164.41034294539344","11"
"starPep_00813","429","132.7407281226835","11"
"starPep_00816","150","959.0730096255255","11"
"starPep_00822","437","129.73522838356442","11"
"starPep_00828","289","390.9380501874752","11"
"starPep_00834","408","146.85222112194708","11"
"starPep_00839","348","242.49047170492042","11"
"starPep_00841","478","116.46307314878605","11"
"starPep_00843","458","118.43933688932412","11"
"starPep_00846","440","125.67297311715623","11"
"starPep_00848","29","2563.072014607054","11"
"starPep_00849","479","116.46307314878605","11"
"starPep_00856","409","146.85222112194708","11"
"starPep_00857","480","116.46307314878605","11"
"starPep_00858","481","116.46307314878605","11"
"starPep_00859","482","116.46307314878605","11"
"starPep_00861","410","146.85222112194708","11"
"starPep_00862","411","146.85222112194708","11"
"starPep_00864","483","116.46307314878605","11"
"starPep_00865","319","313.1726801776455","11"
"starPep_00874","412","146.85222112194708","11"
"starPep_00879","290","390.9380501874752","11"
"starPep_00880","208","599.3152138953659","11"
"starPep_00883","459","118.43933688932412","11"
"starPep_00886","232","480.32420916115376","11"
"starPep_00887","460","118.43933688932412","11"
"starPep_00894","413","146.85222112194708","11"
"starPep_00920","496","103.96011069601225","10"
"starPep_00926","497","103.96011069601225","10"
"starPep_00928","498","103.96011069601225","10"
"starPep_00940","499","103.96011069601225","10"
"starPep_00941","167","809.8308481223687","10"
"starPep_00950","500","103.96011069601225","10"
"starPep_00958","251","406.8480749138208","10"
"starPep_00961","501","103.96011069601225","10"
"starPep_00973","214","549.3454417037902","10"
"starPep_00984","250","407.87147686597064","10"
"starPep_00985","502","103.96011069601225","10"
"starPep_00989","503","103.96011069601225","10"
"starPep_00995","244","422.69331219966875","10"
"starPep_00999","27","3075.5446848884953","10"
"starPep_01004","484","111.21929801950469","10"
"starPep_01011","211","585.9403757604015","10"
"starPep_01013","347","244.1282914355546","10"
"starPep_01018","504","103.96011069601225","10"
"starPep_01021","303","346.4935066133643","10"
"starPep_01031","34","2338.2866505293564","10"
"starPep_01032","178","748.8331554546485","10"
"starPep_01035","505","103.96011069601225","10"
"starPep_01036","236","462.88692186858947","10"
"starPep_01040","485","111.21929801950469","10"
"starPep_01061","506","103.96011069601225","10"
"starPep_01062","507","103.96011069601225","10"
"starPep_01063","508","103.96011069601225","10"
"starPep_01064","509","103.96011069601225","10"
"starPep_01066","417","140.96623604153436","10"
"starPep_01069","304","346.4935066133643","10"
"starPep_01073","25","3094.4144620551233","10"
"starPep_01075","35","2338.2866505293564","10"
"starPep_01084","510","103.96011069601225","10"
"starPep_01097","556","86.43310438845728","10"
"starPep_01098","557","86.43310438845728","10"
"starPep_01105","511","103.96011069601225","10"
"starPep_01106","494","105.8227047989713","10"
"starPep_01109","512","103.96011069601225","10"
"starPep_01110","513","103.96011069601225","10"
"starPep_01111","514","103.96011069601225","10"
"starPep_01112","515","103.96011069601225","10"
"starPep_01114","486","111.21929801950469","10"
"starPep_01115","487","111.21929801950469","10"
"starPep_01116","488","111.21929801950469","10"
"starPep_01118","26","3090.242551719886","10"
"starPep_01121","563","79.32472806662247","10"
"starPep_01133","446","120.18245864896087","10"
"starPep_01134","344","264.15927501634883","10"
"starPep_01141","237","449.53319736935254","10"
"starPep_01142","516","103.96011069601225","10"
"starPep_01155","201","652.1297480888109","10"
"starPep_01168","205","623.6061857130453","10"
"starPep_01170","434","130.90726264817488","10"
"starPep_01173","438","129.10862462671722","10"
"starPep_01182","517","103.96011069601225","10"
"starPep_01184","518","103.96011069601225","10"
"starPep_01199","519","103.96011069601225","10"
"starPep_01207","210","586.9167913565216","10"
"starPep_01225","238","442.8002939562747","9"
"starPep_01233","294","379.9138496648033","9"
"starPep_01275","572","73.51831527191261","9"
"starPep_01283","528","99.73876489243904","9"
"starPep_01288","559","81.86977375831486","9"
"starPep_01289","529","99.64364119264218","9"
"starPep_01290","573","73.51831527191261","9"
"starPep_01304","530","99.64364119264218","9"
"starPep_01306","560","81.86977375831486","9"
"starPep_01308","525","100.74042421644326","9"
"starPep_01320","534","99.02213798920411","9"
"starPep_01322","574","73.51831527191261","9"
"starPep_01323","580","71.10529792873668","9"
"starPep_01334","540","98.54195714137964","9"
"starPep_01340","583","70.32775883063906","9"
"starPep_01354","139","1041.5100236409282","9"
"starPep_01362","526","100.74042421644326","9"
"starPep_01367","225","511.179820395558","9"
"starPep_01369","46","1698.8456417845748","9"
"starPep_01371","239","442.8002939562747","9"
"starPep_01378","216","533.2013804071139","9"
"starPep_01385","299","359.9041366249246","9"
"starPep_01386","300","359.9041366249246","9"
"starPep_01401","535","99.02213798920411","9"
"starPep_01405","41","2101.067292727253","9"
"starPep_01410","40","2106.3252250453047","9"
"starPep_01420","217","533.2013804071139","9"
"starPep_01454","541","98.54195714137964","9"
"starPep_01457","527","100.74042421644326","9"
"starPep_01459","542","98.54195714137964","9"
"starPep_01460","242","436.19716170224444","9"
"starPep_01462","444","122.65351503752854","9"
"starPep_01464","536","99.02213798920411","9"
"starPep_01465","558","84.51890048396803","9"
"starPep_01468","584","70.32775883063906","9"
"starPep_01482","537","99.02213798920411","9"
"starPep_01491","531","99.64364119264218","9"
"starPep_01503","180","743.7634714900458","9"
"starPep_01504","181","743.7634714900458","9"
"starPep_01506","158","879.2867165150254","9"
"starPep_01509","350","236.58327953578697","9"
"starPep_01511","182","743.7634714900458","9"
"starPep_01520","42","2098.5642254427976","9"
"starPep_01560","568","76.93159972126128","9"
"starPep_01563","532","99.64364119264218","9"
"starPep_01570","533","99.64364119264218","9"
"starPep_01571","538","99.02213798920411","9"
"starPep_01592","581","71.10529792873668","9"
"starPep_01598","445","122.65351503752854","9"
"starPep_01603","218","533.2013804071139","9"
"starPep_01605","582","71.10529792873668","9"
"starPep_01635","552","91.79267403052806","9"
"starPep_01641","243","424.32784008099503","8"
"starPep_01642","430","132.53839532692214","8"
"starPep_01646","495","104.41994744905799","8"
"starPep_01716","619","60.564225442875866","8"
"starPep_01724","222","512.0690587088359","8"
"starPep_01736","295","379.56466052533324","8"
"starPep_01761","43","2031.7478765721867","8"
"starPep_01765","223","512.0690587088359","8"
"starPep_01766","224","512.0690587088359","8"
"starPep_01771","305","346.129913176688","8"
"starPep_01783","306","346.129913176688","8"
"starPep_01788","564","78.36492099594759","8"
"starPep_01808","235","470.12082368091257","8"
"starPep_01809","307","346.129913176688","8"
"starPep_01815","381","168.86756850176323","8"
"starPep_01823","246","419.3040529501305","8"
"starPep_01826","140","1033.9895872908319","8"
"starPep_01834","562","80.37983787238782","8"
"starPep_01839","589","68.93599536239259","8"
"starPep_01842","415","143.8588573442097","8"
"starPep_01843","489","110.80657155246564","8"
"starPep_01844","621","59.95330949952582","8"
"starPep_01849","490","110.80657155246564","8"
"starPep_01851","491","110.80657155246564","8"
"starPep_01852","213","558.0556686297158","8"
"starPep_01853","421","140.52145980168768","8"
"starPep_01866","585","69.83429394826966","8"
"starPep_01870","598","66.31579018279659","8"
"starPep_01903","414","146.22904846629905","8"
"starPep_01934","520","103.75074602747941","8"
"starPep_01941","261","405.1697075952858","8"
"starPep_01948","262","405.1697075952858","8"
"starPep_01959","263","405.1697075952858","8"
"starPep_01981","361","205.582177068555","8"
"starPep_01987","366","193.19282446427476","8"
"starPep_01995","363","199.55397608772358","8"
"starPep_02002","551","94.71562953212894","8"
"starPep_02039","620","60.564225442875866","8"
"starPep_02082","731","32.43195782826513","7"
"starPep_02121","732","32.43195782826513","7"
"starPep_02123","324","299.1410067397616","7"
"starPep_02155","567","77.10907458075954","7"
"starPep_02171","733","32.43195782826513","7"
"starPep_02174","749","31.126114693695293","7"
"starPep_02178","734","32.43195782826513","7"
"starPep_02183","202","650.25841844045","7"
"starPep_02187","735","32.43195782826513","7"
"starPep_02201","615","63.82956561599951","7"
"starPep_02219","249","409.0541888569915","7"
"starPep_02240","195","677.1977341148132","7"
"starPep_02249","702","41.23955436412984","7"
"starPep_02251","736","32.43195782826513","7"
"starPep_02254","649","45.400620297681755","7"
"starPep_02272","221","514.4787520712147","7"
"starPep_02274","737","32.43195782826513","7"
"starPep_02275","738","32.43195782826513","7"
"starPep_02281","492","109.77838004334296","7"
"starPep_02297","493","108.22294226224969","7"
"starPep_02299","643","49.44234075270198","7"
"starPep_02300","622","59.90769042906839","7"
"starPep_02304","522","101.83176660089849","7"
"starPep_02305","521","103.14350374234463","7"
"starPep_02306","523","101.83176660089849","7"
"starPep_02313","739","32.43195782826513","7"
"starPep_02314","740","32.43195782826513","7"
"starPep_02322","570","74.1804052224952","7"
"starPep_02330","596","66.45423101553762","7"
"starPep_02379","648","46.53737100514239","7"
"starPep_02400","420","140.68361479684833","7"
"starPep_02458","543","96.67912557908583","6"
"starPep_02476","569","74.18812824257073","6"
"starPep_02483","555","88.92726717858552","6"
"starPep_02524","690","42.31098310792173","6"
"starPep_02527","691","42.31098310792173","6"
"starPep_02528","575","72.67224944995779","6"
"starPep_02529","576","72.67224944995779","6"
"starPep_02532","590","68.63388846210793","6"
"starPep_02533","591","68.63388846210793","6"
"starPep_02534","577","72.67224944995779","6"
"starPep_02536","592","68.63388846210793","6"
"starPep_02544","593","68.63388846210793","6"
"starPep_02550","322","305.0429200429428","6"
"starPep_02579","879","27.654577242705308","6"
"starPep_02581","203","628.7809890720933","6"
"starPep_02586","240","438.9466909799354","6"
"starPep_02614","326","294.34771348957673","6"
"starPep_02651","33","2382.178520507629","6"
"starPep_02653","241","436.55839830916017","6"
"starPep_02655","716","37.48586319745013","6"
"starPep_02670","302","347.5159164150358","6"
"starPep_02671","692","42.31098310792173","6"
"starPep_02678","693","42.31098310792173","6"
"starPep_02679","694","42.31098310792173","6"
"starPep_02686","588","69.45016756856724","6"
"starPep_02687","565","77.76053562420536","6"
"starPep_02689","544","95.84633229651511","6"
"starPep_02690","545","95.84633229651511","6"
"starPep_02691","546","95.84633229651511","6"
"starPep_02692","547","95.84633229651511","6"
"starPep_02693","548","95.84633229651511","6"
"starPep_02710","424","134.5010619000429","6"
"starPep_02714","627","55.51551198180848","6"
"starPep_02715","595","67.21275279980954","6"
"starPep_02717","687","42.579841673133394","6"
"starPep_02718","688","42.579841673133394","6"
"starPep_02730","594","68.3441032033246","6"
"starPep_02733","578","72.61819463694825","6"
"starPep_02747","425","134.5010619000429","6"
"starPep_02749","553","91.53813148845457","6"
"starPep_02750","639","50.91121071703317","6"
"starPep_02751","640","50.91121071703317","6"
"starPep_02752","641","50.91121071703317","6"
"starPep_02753","624","58.36023363128581","6"
"starPep_02754","623","58.62303416839784","6"
"starPep_02803","642","50.91121071703317","6"
"starPep_02804","880","27.654577242705308","6"
"starPep_02806","881","27.654577242705308","6"
"starPep_02827","297","375.72087018351533","6"
"starPep_02845","597","66.40182826635001","6"
"starPep_02849","701","41.42443343244966","6"
"starPep_02856","426","134.5010619000429","6"
"starPep_02857","346","244.8258282431857","6"
"starPep_02867","442","122.69098346747329","6"
"starPep_02868","443","122.69098346747329","6"
"starPep_02889","427","134.5010619000429","6"
"starPep_02904","428","134.5010619000429","6"
"starPep_02914","617","62.28997373986086","6"
"starPep_02919","689","42.579841673133394","6"
"starPep_02937","321","311.668216712066","5"
"starPep_02980","587","69.70473690377074","5"
"starPep_03013","625","56.6084303936884","5"
"starPep_03014","626","56.6084303936884","5"
"starPep_03030","902","23.559189919055054","5"
"starPep_03036","664","44.461639731435696","5"
"starPep_03042","549","95.44924586177143","5"
"starPep_03060","741","32.30568252706282","5"
"starPep_03083","743","31.627878126090405","5"
"starPep_03086","539","98.5898233662387","5"
"starPep_03091","957","15.121971576253774","5"
"starPep_03099","744","31.627878126090405","5"
"starPep_03114","745","31.627878126090405","5"
"starPep_03126","265","403.4016085008075","5"
"starPep_03130","311","332.1564203698489","5"
"starPep_03133","952","17.57405506165813","5"
"starPep_03174","746","31.627878126090405","5"
"starPep_03185","353","221.56627131470057","5"
"starPep_03201","1011","10.69197958495229","5"
"starPep_03221","629","52.31020023204217","5"
"starPep_03230","903","22.19310721114077","5"
"starPep_03231","904","22.19310721114077","5"
"starPep_03232","905","22.19310721114077","5"
"starPep_03233","906","22.19310721114077","5"
"starPep_03234","907","22.19310721114077","5"
"starPep_03249","264","403.4919431892421","5"
"starPep_03296","329","285.60888105520104","5"
"starPep_03316","599","65.48721728588808","5"
"starPep_03325","618","61.68346627192283","5"
"starPep_03328","630","52.31020023204217","5"
"starPep_03343","644","47.6456236542308","5"
"starPep_03351","665","44.461639731435696","5"
"starPep_03362","666","44.461639731435696","5"
"starPep_03363","667","44.461639731435696","5"
"starPep_03367","638","51.021731474091155","5"
"starPep_03371","668","44.461639731435696","5"
"starPep_03372","669","44.461639731435696","5"
"starPep_03373","670","44.461639731435696","5"
"starPep_03374","671","44.461639731435696","5"
"starPep_03375","672","44.461639731435696","5"
"starPep_03376","673","44.461639731435696","5"
"starPep_03377","674","44.461639731435696","5"
"starPep_03378","675","44.461639731435696","5"
"starPep_03379","676","44.461639731435696","5"
"starPep_03380","677","44.461639731435696","5"
"starPep_03381","678","44.461639731435696","5"
"starPep_03382","600","65.48721728588808","5"
"starPep_03383","601","65.48721728588808","5"
"starPep_03384","602","65.48721728588808","5"
"starPep_03385","603","65.48721728588808","5"
"starPep_03386","604","65.48721728588808","5"
"starPep_03387","605","65.48721728588808","5"
"starPep_03388","606","65.48721728588808","5"
"starPep_03389","607","65.48721728588808","5"
"starPep_03390","608","65.48721728588808","5"
"starPep_03391","609","65.48721728588808","5"
"starPep_03392","610","65.48721728588808","5"
"starPep_03393","611","65.48721728588808","5"
"starPep_03394","612","65.48721728588808","5"
"starPep_03395","613","65.48721728588808","5"
"starPep_03396","713","38.52734372429772","5"
"starPep_03397","714","38.52734372429772","5"
"starPep_03398","636","51.125199214824576","5"
"starPep_03399","715","38.52734372429772","5"
"starPep_03400","645","47.6456236542308","5"
"starPep_03401","646","47.6456236542308","5"
"starPep_03402","647","47.6456236542308","5"
"starPep_03403","679","44.461639731435696","5"
"starPep_03404","680","44.461639731435696","5"
"starPep_03460","717","36.90876396759433","5"
"starPep_03465","686","44.34532426252603","5"
"starPep_03487","561","81.2277654388144","5"
"starPep_03511","718","36.90876396759433","5"
"starPep_03555","550","95.44924586177143","5"
"starPep_03573","637","51.125199214824576","5"
"starPep_03588","628","52.62055147139574","5"
"starPep_03599","747","31.627878126090405","5"
"starPep_03633","566","77.16732565207265","5"
"starPep_03664","614","65.34795866695852","5"
"starPep_03687","958","15.121971576253774","5"
"starPep_03704","681","44.461639731435696","5"
"starPep_03705","682","44.461639731435696","5"
"starPep_03706","748","31.627878126090405","5"
"starPep_03707","683","44.461639731435696","5"
"starPep_03708","684","44.461639731435696","5"
"starPep_03709","685","44.461639731435696","5"
"starPep_03716","742","31.892379871919555","5"
"starPep_03748","753","28.009769165220796","4"
"starPep_03749","754","28.009769165220796","4"
"starPep_03750","755","28.009769165220796","4"
"starPep_03751","756","28.009769165220796","4"
"starPep_03752","757","28.009769165220796","4"
"starPep_03755","908","22.18857468291962","4"
"starPep_03758","909","22.18857468291962","4"
"starPep_03761","910","22.18857468291962","4"
"starPep_03812","758","28.009769165220796","4"
"starPep_03815","759","28.009769165220796","4"
"starPep_03816","712","40.3587717292352","4"
"starPep_03831","760","28.009769165220796","4"
"starPep_03832","761","28.009769165220796","4"
"starPep_03833","762","28.009769165220796","4"
"starPep_03835","763","28.009769165220796","4"
"starPep_03841","616","62.91411095686861","4"
"starPep_03883","764","28.009769165220796","4"
"starPep_03903","911","22.18857468291962","4"
"starPep_03911","765","28.009769165220796","4"
"starPep_03917","766","28.009769165220796","4"
"starPep_03918","912","22.18857468291962","4"
"starPep_03919","913","22.18857468291962","4"
"starPep_03920","914","22.18857468291962","4"
"starPep_03922","767","28.009769165220796","4"
"starPep_03923","968","10.871709404232762","4"
"starPep_03931","768","28.009769165220796","4"
"starPep_03934","962","14.69326295397069","4"
"starPep_03954","769","28.009769165220796","4"
"starPep_03955","770","28.009769165220796","4"
"starPep_03957","915","22.18857468291962","4"
"starPep_03961","771","28.009769165220796","4"
"starPep_03963","772","28.009769165220796","4"
"starPep_03964","773","28.009769165220796","4"
"starPep_03965","774","28.009769165220796","4"
"starPep_03968","775","28.009769165220796","4"
"starPep_03973","703","40.941138556494764","4"
"starPep_03985","704","40.941138556494764","4"
"starPep_03990","705","40.941138556494764","4"
"starPep_03997","776","28.009769165220796","4"
"starPep_04000","706","40.941138556494764","4"
"starPep_04001","707","40.941138556494764","4"
"starPep_04002","708","40.941138556494764","4"
"starPep_04003","709","40.941138556494764","4"
"starPep_04016","953","16.73677224053915","4"
"starPep_04017","954","16.73677224053915","4"
"starPep_04018","955","16.73677224053915","4"
"starPep_04019","777","28.009769165220796","4"
"starPep_04021","969","10.871709404232762","4"
"starPep_04022","970","10.871709404232762","4"
"starPep_04023","971","10.871709404232762","4"
"starPep_04024","972","10.871709404232762","4"
"starPep_04025","973","10.871709404232762","4"
"starPep_04037","778","28.009769165220796","4"
"starPep_04047","916","22.18857468291962","4"
"starPep_04048","779","28.009769165220796","4"
"starPep_04049","780","28.009769165220796","4"
"starPep_04054","781","28.009769165220796","4"
"starPep_04062","1028","5.247719846549398","4"
"starPep_04079","36","2295.26595488708","4"
"starPep_04080","37","2295.26595488708","4"
"starPep_04081","38","2295.26595488708","4"
"starPep_04097","974","10.871709404232762","4"
"starPep_04100","975","10.871709404232762","4"
"starPep_04101","695","42.18481752059926","4"
"starPep_04130","782","28.009769165220796","4"
"starPep_04133","917","22.18857468291962","4"
"starPep_04134","710","40.941138556494764","4"
"starPep_04157","783","28.009769165220796","4"
"starPep_04158","784","28.009769165220796","4"
"starPep_04177","918","22.18857468291962","4"
"starPep_04178","976","10.871709404232762","4"
"starPep_04179","977","10.871709404232762","4"
"starPep_04180","978","10.871709404232762","4"
"starPep_04181","979","10.871709404232762","4"
"starPep_04182","980","10.871709404232762","4"
"starPep_04183","981","10.871709404232762","4"
"starPep_04184","982","10.871709404232762","4"
"starPep_04185","785","28.009769165220796","4"
"starPep_04188","786","28.009769165220796","4"
"starPep_04189","787","28.009769165220796","4"
"starPep_04190","788","28.009769165220796","4"
"starPep_04191","789","28.009769165220796","4"
"starPep_04192","790","28.009769165220796","4"
"starPep_04193","791","28.009769165220796","4"
"starPep_04194","792","28.009769165220796","4"
"starPep_04195","793","28.009769165220796","4"
"starPep_04196","794","28.009769165220796","4"
"starPep_04197","795","28.009769165220796","4"
"starPep_04198","796","28.009769165220796","4"
"starPep_04199","797","28.009769165220796","4"
"starPep_04201","798","28.009769165220796","4"
"starPep_04202","799","28.009769165220796","4"
"starPep_04203","800","28.009769165220796","4"
"starPep_04204","801","28.009769165220796","4"
"starPep_04205","802","28.009769165220796","4"
"starPep_04206","803","28.009769165220796","4"
"starPep_04207","804","28.009769165220796","4"
"starPep_04222","805","28.009769165220796","4"
"starPep_04223","806","28.009769165220796","4"
"starPep_04224","807","28.009769165220796","4"
"starPep_04225","808","28.009769165220796","4"
"starPep_04240","809","28.009769165220796","4"
"starPep_04241","810","28.009769165220796","4"
"starPep_04243","919","22.18857468291962","4"
"starPep_04247","811","28.009769165220796","4"
"starPep_04254","983","10.871709404232762","4"
"starPep_04257","984","10.871709404232762","4"
"starPep_04258","985","10.871709404232762","4"
"starPep_04260","986","10.871709404232762","4"
"starPep_04261","920","22.18857468291962","4"
"starPep_04262","921","22.18857468291962","4"
"starPep_04264","922","22.18857468291962","4"
"starPep_04265","923","22.18857468291962","4"
"starPep_04266","812","28.009769165220796","4"
"starPep_04268","813","28.009769165220796","4"
"starPep_04269","987","10.871709404232762","4"
"starPep_04270","988","10.871709404232762","4"
"starPep_04271","989","10.871709404232762","4"
"starPep_04272","990","10.871709404232762","4"
"starPep_04273","991","10.871709404232762","4"
"starPep_04274","696","42.18481752059926","4"
"starPep_04275","992","10.871709404232762","4"
"starPep_04276","993","10.871709404232762","4"
"starPep_04277","994","10.871709404232762","4"
"starPep_04278","995","10.871709404232762","4"
"starPep_04279","814","28.009769165220796","4"
"starPep_04280","815","28.009769165220796","4"
"starPep_04284","816","28.009769165220796","4"
"starPep_04286","817","28.009769165220796","4"
"starPep_04287","996","10.871709404232762","4"
"starPep_04292","818","28.009769165220796","4"
"starPep_04293","997","10.871709404232762","4"
"starPep_04294","819","28.009769165220796","4"
"starPep_04295","998","10.871709404232762","4"
"starPep_04296","820","28.009769165220796","4"
"starPep_04297","821","28.009769165220796","4"
"starPep_04298","822","28.009769165220796","4"
"starPep_04305","823","28.009769165220796","4"
"starPep_04310","924","22.18857468291962","4"
"starPep_04312","697","42.18481752059926","4"
"starPep_04313","698","42.18481752059926","4"
"starPep_04315","699","42.18481752059926","4"
"starPep_04338","824","28.009769165220796","4"
"starPep_04339","825","28.009769165220796","4"
"starPep_04346","826","28.009769165220796","4"
"starPep_04349","999","10.871709404232762","4"
"starPep_04353","956","16.73677224053915","4"
"starPep_04357","827","28.009769165220796","4"
"starPep_04358","828","28.009769165220796","4"
"starPep_04359","829","28.009769165220796","4"
"starPep_04360","830","28.009769165220796","4"
"starPep_04361","831","28.009769165220796","4"
"starPep_04366","832","28.009769165220796","4"
"starPep_04390","833","28.009769165220796","4"
"starPep_04391","834","28.009769165220796","4"
"starPep_04392","835","28.009769165220796","4"
"starPep_04393","836","28.009769165220796","4"
"starPep_04394","1000","10.871709404232762","4"
"starPep_04395","1001","10.871709404232762","4"
"starPep_04397","837","28.009769165220796","4"
"starPep_04398","838","28.009769165220796","4"
"starPep_04399","839","28.009769165220796","4"
"starPep_04400","840","28.009769165220796","4"
"starPep_04401","841","28.009769165220796","4"
"starPep_04402","842","28.009769165220796","4"
"starPep_04411","711","40.941138556494764","4"
"starPep_04412","843","28.009769165220796","4"
"starPep_04414","1002","10.871709404232762","4"
"starPep_04415","844","28.009769165220796","4"
"starPep_04416","845","28.009769165220796","4"
"starPep_04417","846","28.009769165220796","4"
"starPep_04418","847","28.009769165220796","4"
"starPep_04419","848","28.009769165220796","4"
"starPep_04420","849","28.009769165220796","4"
"starPep_04421","850","28.009769165220796","4"
"starPep_04422","851","28.009769165220796","4"
"starPep_04424","700","42.18481752059926","4"
"starPep_04434","852","28.009769165220796","4"
"starPep_04435","853","28.009769165220796","4"
"starPep_04447","854","28.009769165220796","4"
"starPep_04469","882","27.25208145126856","4"
"starPep_04473","883","27.25208145126856","4"
"starPep_04474","750","31.010803987361648","4"
"starPep_04481","751","31.010803987361648","4"
"starPep_04493","1014","8.295735601899977","4"
"starPep_04537","963","14.69326295397069","4"
"starPep_04582","855","28.009769165220796","4"
"starPep_04583","856","28.009769165220796","4"
"starPep_04587","571","73.5391770298983","4"
"starPep_04594","857","28.009769165220796","4"
"starPep_04608","1003","10.871709404232762","4"
"starPep_04630","1004","10.871709404232762","4"
"starPep_04631","1005","10.871709404232762","4"
"starPep_04632","1006","10.871709404232762","4"
"starPep_04644","1007","10.871709404232762","4"
"starPep_04650","858","28.009769165220796","4"
"starPep_04651","859","28.009769165220796","4"
"starPep_04652","860","28.009769165220796","4"
"starPep_04677","950","18.176247655286815","4"
"starPep_04679","861","28.009769165220796","4"
"starPep_04689","925","22.18857468291962","4"
"starPep_04707","1008","10.871709404232762","4"
"starPep_04710","1009","10.871709404232762","4"
"starPep_04715","364","198.56421684848235","4"
"starPep_04730","650","45.309132529194336","4"
"starPep_04757","900","23.735271795327765","4"
"starPep_04758","901","23.735271795327765","4"
"starPep_04762","926","22.18857468291962","4"
"starPep_04767","862","28.009769165220796","4"
"starPep_04768","863","28.009769165220796","4"
"starPep_04776","651","45.309132529194336","4"
"starPep_04777","652","45.309132529194336","4"
"starPep_04778","653","45.309132529194336","4"
"starPep_04779","654","45.309132529194336","4"
"starPep_04780","655","45.309132529194336","4"
"starPep_04781","656","45.309132529194336","4"
"starPep_04782","657","45.309132529194336","4"
"starPep_04783","658","45.309132529194336","4"
"starPep_04784","659","45.309132529194336","4"
"starPep_04785","660","45.309132529194336","4"
"starPep_04786","661","45.309132529194336","4"
"starPep_04787","662","45.309132529194336","4"
"starPep_04788","663","45.309132529194336","4"
"starPep_04796","951","18.176247655286815","4"
"starPep_04802","298","367.7017515648336","4"
"starPep_04813","752","29.61132264196348","4"
"starPep_04817","930","21.19006947487627","4"
"starPep_04822","927","22.18857468291962","4"
"starPep_04825","864","28.009769165220796","4"
"starPep_04835","865","28.009769165220796","4"
"starPep_04836","866","28.009769165220796","4"
"starPep_04837","867","28.009769165220796","4"
"starPep_04840","928","22.18857468291962","4"
"starPep_04852","868","28.009769165220796","4"
"starPep_04855","869","28.009769165220796","4"
"starPep_04856","870","28.009769165220796","4"
"starPep_04857","871","28.009769165220796","4"
"starPep_04858","872","28.009769165220796","4"
"starPep_04859","873","28.009769165220796","4"
"starPep_04860","874","28.009769165220796","4"
"starPep_04861","875","28.009769165220796","4"
"starPep_04862","876","28.009769165220796","4"
"starPep_04863","877","28.009769165220796","4"
"starPep_04873","878","28.009769165220796","4"
"starPep_04884","1010","10.871709404232762","4"
"starPep_04889","1080","1.9185719219268418","3"
"starPep_04890","1081","1.9185719219268418","3"
"starPep_04896","1082","1.9185719219268418","3"
"starPep_04919","333","275.7756776570468","3"
"starPep_04920","334","275.7756776570468","3"
"starPep_04921","335","275.7756776570468","3"
"starPep_04922","336","275.7756776570468","3"
"starPep_04923","337","275.7756776570468","3"
"starPep_04925","338","275.7756776570468","3"
"starPep_04926","339","275.7756776570468","3"
"starPep_04960","1083","1.9185719219268418","3"
"starPep_04981","1084","1.9185719219268418","3"
"starPep_04984","1085","1.9185719219268418","3"
"starPep_04985","959","14.963004308176613","3"
"starPep_04986","960","14.963004308176613","3"
"starPep_04988","1086","1.9185719219268418","3"
"starPep_04989","1087","1.9185719219268418","3"
"starPep_04990","1088","1.9185719219268418","3"
"starPep_04991","1089","1.9185719219268418","3"
"starPep_04992","1090","1.9185719219268418","3"
"starPep_04993","1091","1.9185719219268418","3"
"starPep_04994","1092","1.9185719219268418","3"
"starPep_04995","1093","1.9185719219268418","3"
"starPep_04996","1094","1.9185719219268418","3"
"starPep_04997","1095","1.9185719219268418","3"
"starPep_05006","1096","1.9185719219268418","3"
"starPep_05009","1097","1.9185719219268418","3"
"starPep_05010","1098","1.9185719219268418","3"
"starPep_05011","1099","1.9185719219268418","3"
"starPep_05012","1100","1.9185719219268418","3"
"starPep_05013","1101","1.9185719219268418","3"
"starPep_05016","1102","1.9185719219268418","3"
"starPep_05017","1103","1.9185719219268418","3"
"starPep_05018","1104","1.9185719219268418","3"
"starPep_05019","1105","1.9185719219268418","3"
"starPep_05020","1106","1.9185719219268418","3"
"starPep_05082","1107","1.9185719219268418","3"
"starPep_05083","1108","1.9185719219268418","3"
"starPep_05086","1109","1.9185719219268418","3"
"starPep_05087","1110","1.9185719219268418","3"
"starPep_05088","1111","1.9185719219268418","3"
"starPep_05095","884","26.768396123483456","3"
"starPep_05101","885","26.768396123483456","3"
"starPep_05104","886","26.768396123483456","3"
"starPep_05105","887","26.768396123483456","3"
"starPep_05106","888","26.768396123483456","3"
"starPep_05107","889","26.768396123483456","3"
"starPep_05108","890","26.768396123483456","3"
"starPep_05109","891","26.768396123483456","3"
"starPep_05110","892","26.768396123483456","3"
"starPep_05111","893","26.768396123483456","3"
"starPep_05112","894","26.768396123483456","3"
"starPep_05120","1112","1.9185719219268418","3"
"starPep_05121","1113","1.9185719219268418","3"
"starPep_05131","1114","1.9185719219268418","3"
"starPep_05132","931","19.78276007345893","3"
"starPep_05134","1115","1.9185719219268418","3"
"starPep_05136","1116","1.9185719219268418","3"
"starPep_05138","1117","1.9185719219268418","3"
"starPep_05139","1118","1.9185719219268418","3"
"starPep_05140","1119","1.9185719219268418","3"
"starPep_05141","1120","1.9185719219268418","3"
"starPep_05142","1121","1.9185719219268418","3"
"starPep_05145","1122","1.9185719219268418","3"
"starPep_05167","1123","1.9185719219268418","3"
"starPep_05187","1124","1.9185719219268418","3"
"starPep_05188","1125","1.9185719219268418","3"
"starPep_05189","1126","1.9185719219268418","3"
"starPep_05200","1127","1.9185719219268418","3"
"starPep_05201","1128","1.9185719219268418","3"
"starPep_05207","1129","1.9185719219268418","3"
"starPep_05213","1130","1.9185719219268418","3"
"starPep_05216","1131","1.9185719219268418","3"
"starPep_05220","1132","1.9185719219268418","3"
"starPep_05237","1133","1.9185719219268418","3"
"starPep_05248","1134","1.9185719219268418","3"
"starPep_05249","1135","1.9185719219268418","3"
"starPep_05252","1136","1.9185719219268418","3"
"starPep_05253","1137","1.9185719219268418","3"
"starPep_05254","1138","1.9185719219268418","3"
"starPep_05255","1139","1.9185719219268418","3"
"starPep_05263","1140","1.9185719219268418","3"
"starPep_05264","1141","1.9185719219268418","3"
"starPep_05266","1142","1.9185719219268418","3"
"starPep_05273","1143","1.9185719219268418","3"
"starPep_05274","1144","1.9185719219268418","3"
"starPep_05275","1145","1.9185719219268418","3"
"starPep_05278","1146","1.9185719219268418","3"
"starPep_05279","1147","1.9185719219268418","3"
"starPep_05280","1148","1.9185719219268418","3"
"starPep_05281","1149","1.9185719219268418","3"
"starPep_05294","1150","1.9185719219268418","3"
"starPep_05295","1151","1.9185719219268418","3"
"starPep_05296","1152","1.9185719219268418","3"
"starPep_05303","1153","1.9185719219268418","3"
"starPep_05304","1154","1.9185719219268418","3"
"starPep_05328","1155","1.9185719219268418","3"
"starPep_05331","1156","1.9185719219268418","3"
"starPep_05336","1157","1.9185719219268418","3"
"starPep_05337","1158","1.9185719219268418","3"
"starPep_05338","1159","1.9185719219268418","3"
"starPep_05339","1160","1.9185719219268418","3"
"starPep_05340","1161","1.9185719219268418","3"
"starPep_05341","932","19.78276007345893","3"
"starPep_05344","1162","1.9185719219268418","3"
"starPep_05352","1163","1.9185719219268418","3"
"starPep_05365","1164","1.9185719219268418","3"
"starPep_05377","1165","1.9185719219268418","3"
"starPep_05379","1166","1.9185719219268418","3"
"starPep_05387","1167","1.9185719219268418","3"
"starPep_05389","1168","1.9185719219268418","3"
"starPep_05390","1169","1.9185719219268418","3"
"starPep_05391","1170","1.9185719219268418","3"
"starPep_05392","1171","1.9185719219268418","3"
"starPep_05393","1172","1.9185719219268418","3"
"starPep_05394","1173","1.9185719219268418","3"
"starPep_05395","1174","1.9185719219268418","3"
"starPep_05396","1175","1.9185719219268418","3"
"starPep_05401","1176","1.9185719219268418","3"
"starPep_05403","896","23.778245662651255","3"
"starPep_05404","1177","1.9185719219268418","3"
"starPep_05415","1178","1.9185719219268418","3"
"starPep_05420","1179","1.9185719219268418","3"
"starPep_05422","1180","1.9185719219268418","3"
"starPep_05424","1181","1.9185719219268418","3"
"starPep_05425","1182","1.9185719219268418","3"
"starPep_05435","1183","1.9185719219268418","3"
"starPep_05436","1184","1.9185719219268418","3"
"starPep_05437","1185","1.9185719219268418","3"
"starPep_05438","1186","1.9185719219268418","3"
"starPep_05439","1187","1.9185719219268418","3"
"starPep_05440","1188","1.9185719219268418","3"
"starPep_05441","1189","1.9185719219268418","3"
"starPep_05442","1190","1.9185719219268418","3"
"starPep_05443","1191","1.9185719219268418","3"
"starPep_05452","1192","1.9185719219268418","3"
"starPep_05455","1193","1.9185719219268418","3"
"starPep_05456","1194","1.9185719219268418","3"
"starPep_05460","1195","1.9185719219268418","3"
"starPep_05464","1196","1.9185719219268418","3"
"starPep_05467","1197","1.9185719219268418","3"
"starPep_05468","1198","1.9185719219268418","3"
"starPep_05469","1199","1.9185719219268418","3"
"starPep_05472","1200","1.9185719219268418","3"
"starPep_05473","1201","1.9185719219268418","3"
"starPep_05475","1202","1.9185719219268418","3"
"starPep_05476","1203","1.9185719219268418","3"
"starPep_05477","1204","1.9185719219268418","3"
"starPep_05481","1205","1.9185719219268418","3"
"starPep_05496","1206","1.9185719219268418","3"
"starPep_05497","1207","1.9185719219268418","3"
"starPep_05498","1208","1.9185719219268418","3"
"starPep_05499","1209","1.9185719219268418","3"
"starPep_05500","1210","1.9185719219268418","3"
"starPep_05501","1211","1.9185719219268418","3"
"starPep_05502","1212","1.9185719219268418","3"
"starPep_05506","1213","1.9185719219268418","3"
"starPep_05507","1214","1.9185719219268418","3"
"starPep_05508","1215","1.9185719219268418","3"
"starPep_05509","1216","1.9185719219268418","3"
"starPep_05510","1217","1.9185719219268418","3"
"starPep_05511","1218","1.9185719219268418","3"
"starPep_05512","933","19.78276007345893","3"
"starPep_05513","934","19.78276007345893","3"
"starPep_05514","935","19.78276007345893","3"
"starPep_05515","936","19.78276007345893","3"
"starPep_05516","937","19.78276007345893","3"
"starPep_05518","1219","1.9185719219268418","3"
"starPep_05519","1220","1.9185719219268418","3"
"starPep_05520","1221","1.9185719219268418","3"
"starPep_05521","1222","1.9185719219268418","3"
"starPep_05522","1223","1.9185719219268418","3"
"starPep_05525","938","19.78276007345893","3"
"starPep_05526","378","169.01159385115244","3"
"starPep_05527","379","169.01159385115244","3"
"starPep_05540","1224","1.9185719219268418","3"
"starPep_05562","1225","1.9185719219268418","3"
"starPep_05563","1226","1.9185719219268418","3"
"starPep_05564","1227","1.9185719219268418","3"
"starPep_05566","1228","1.9185719219268418","3"
"starPep_05573","1229","1.9185719219268418","3"
"starPep_05574","1230","1.9185719219268418","3"
"starPep_05576","1231","1.9185719219268418","3"
"starPep_05577","1232","1.9185719219268418","3"
"starPep_05578","1233","1.9185719219268418","3"
"starPep_05579","1234","1.9185719219268418","3"
"starPep_05580","1235","1.9185719219268418","3"
"starPep_05582","1236","1.9185719219268418","3"
"starPep_05584","1237","1.9185719219268418","3"
"starPep_05586","1238","1.9185719219268418","3"
"starPep_05607","1239","1.9185719219268418","3"
"starPep_05608","1240","1.9185719219268418","3"
"starPep_05609","1241","1.9185719219268418","3"
"starPep_05610","1242","1.9185719219268418","3"
"starPep_05612","1243","1.9185719219268418","3"
"starPep_05613","897","23.778245662651255","3"
"starPep_05619","1244","1.9185719219268418","3"
"starPep_05620","1245","1.9185719219268418","3"
"starPep_05623","1246","1.9185719219268418","3"
"starPep_05628","1247","1.9185719219268418","3"
"starPep_05631","1248","1.9185719219268418","3"
"starPep_05632","1249","1.9185719219268418","3"
"starPep_05633","1250","1.9185719219268418","3"
"starPep_05634","1251","1.9185719219268418","3"
"starPep_05635","1252","1.9185719219268418","3"
"starPep_05638","1253","1.9185719219268418","3"
"starPep_05640","1254","1.9185719219268418","3"
"starPep_05677","1255","1.9185719219268418","3"
"starPep_05678","1256","1.9185719219268418","3"
"starPep_05679","1257","1.9185719219268418","3"
"starPep_05680","1258","1.9185719219268418","3"
"starPep_05681","1259","1.9185719219268418","3"
"starPep_05686","1260","1.9185719219268418","3"
"starPep_05692","1261","1.9185719219268418","3"
"starPep_05693","1262","1.9185719219268418","3"
"starPep_05694","1263","1.9185719219268418","3"
"starPep_05695","1264","1.9185719219268418","3"
"starPep_05696","1265","1.9185719219268418","3"
"starPep_05697","1266","1.9185719219268418","3"
"starPep_05698","1267","1.9185719219268418","3"
"starPep_05708","1268","1.9185719219268418","3"
"starPep_05709","1269","1.9185719219268418","3"
"starPep_05710","1270","1.9185719219268418","3"
"starPep_05711","1271","1.9185719219268418","3"
"starPep_05712","1272","1.9185719219268418","3"
"starPep_05713","1273","1.9185719219268418","3"
"starPep_05714","1274","1.9185719219268418","3"
"starPep_05715","1275","1.9185719219268418","3"
"starPep_05729","1276","1.9185719219268418","3"
"starPep_05730","1277","1.9185719219268418","3"
"starPep_05731","1278","1.9185719219268418","3"
"starPep_05732","1279","1.9185719219268418","3"
"starPep_05733","1280","1.9185719219268418","3"
"starPep_05734","1281","1.9185719219268418","3"
"starPep_05735","1282","1.9185719219268418","3"
"starPep_05736","1283","1.9185719219268418","3"
"starPep_05738","1284","1.9185719219268418","3"
"starPep_05739","1285","1.9185719219268418","3"
"starPep_05740","1286","1.9185719219268418","3"
"starPep_05741","1287","1.9185719219268418","3"
"starPep_05742","1288","1.9185719219268418","3"
"starPep_05743","1289","1.9185719219268418","3"
"starPep_05744","1290","1.9185719219268418","3"
"starPep_05745","1291","1.9185719219268418","3"
"starPep_05746","1292","1.9185719219268418","3"
"starPep_05747","1293","1.9185719219268418","3"
"starPep_05748","1294","1.9185719219268418","3"
"starPep_05749","1295","1.9185719219268418","3"
"starPep_05750","1296","1.9185719219268418","3"
"starPep_05751","1297","1.9185719219268418","3"
"starPep_05755","1298","1.9185719219268418","3"
"starPep_05758","1299","1.9185719219268418","3"
"starPep_05764","719","36.06916366725415","3"
"starPep_05766","1013","10.160839277820967","3"
"starPep_05767","1300","1.9185719219268418","3"
"starPep_05783","1301","1.9185719219268418","3"
"starPep_05789","1302","1.9185719219268418","3"
"starPep_05794","1303","1.9185719219268418","3"
"starPep_05804","1304","1.9185719219268418","3"
"starPep_05810","1305","1.9185719219268418","3"
"starPep_05819","1306","1.9185719219268418","3"
"starPep_05837","1307","1.9185719219268418","3"
"starPep_05843","1308","1.9185719219268418","3"
"starPep_05844","1309","1.9185719219268418","3"
"starPep_05845","1310","1.9185719219268418","3"
"starPep_05846","1311","1.9185719219268418","3"
"starPep_05847","1312","1.9185719219268418","3"
"starPep_05848","1313","1.9185719219268418","3"
"starPep_05849","1314","1.9185719219268418","3"
"starPep_05850","939","19.78276007345893","3"
"starPep_05855","1315","1.9185719219268418","3"
"starPep_05859","1316","1.9185719219268418","3"
"starPep_05861","1317","1.9185719219268418","3"
"starPep_05869","1318","1.9185719219268418","3"
"starPep_05880","1319","1.9185719219268418","3"
"starPep_05882","1320","1.9185719219268418","3"
"starPep_05942","895","26.768396123483456","3"
"starPep_05960","1321","1.9185719219268418","3"
"starPep_05961","1322","1.9185719219268418","3"
"starPep_05962","1323","1.9185719219268418","3"
"starPep_05963","340","275.7756776570468","3"
"starPep_05974","1324","1.9185719219268418","3"
"starPep_05975","1325","1.9185719219268418","3"
"starPep_05976","1326","1.9185719219268418","3"
"starPep_05977","1327","1.9185719219268418","3"
"starPep_05978","1328","1.9185719219268418","3"
"starPep_05979","1329","1.9185719219268418","3"
"starPep_05980","1330","1.9185719219268418","3"
"starPep_05981","1331","1.9185719219268418","3"
"starPep_05982","1332","1.9185719219268418","3"
"starPep_05983","1333","1.9185719219268418","3"
"starPep_05984","1334","1.9185719219268418","3"
"starPep_05985","1335","1.9185719219268418","3"
"starPep_05993","1336","1.9185719219268418","3"
"starPep_06030","1337","1.9185719219268418","3"
"starPep_06031","1338","1.9185719219268418","3"
"starPep_06032","1339","1.9185719219268418","3"
"starPep_06033","1340","1.9185719219268418","3"
"starPep_06034","1341","1.9185719219268418","3"
"starPep_06035","1342","1.9185719219268418","3"
"starPep_06036","1343","1.9185719219268418","3"
"starPep_06039","1344","1.9185719219268418","3"
"starPep_06040","1345","1.9185719219268418","3"
"starPep_06042","1346","1.9185719219268418","3"
"starPep_06044","1347","1.9185719219268418","3"
"starPep_06045","1348","1.9185719219268418","3"
"starPep_06046","1349","1.9185719219268418","3"
"starPep_06047","1350","1.9185719219268418","3"
"starPep_06048","1351","1.9185719219268418","3"
"starPep_06050","1352","1.9185719219268418","3"
"starPep_06051","1353","1.9185719219268418","3"
"starPep_06052","1354","1.9185719219268418","3"
"starPep_06053","1355","1.9185719219268418","3"
"starPep_06054","1356","1.9185719219268418","3"
"starPep_06064","1357","1.9185719219268418","3"
"starPep_06066","1358","1.9185719219268418","3"
"starPep_06096","1359","1.9185719219268418","3"
"starPep_06097","1360","1.9185719219268418","3"
"starPep_06100","586","69.722868143445","3"
"starPep_06101","1361","1.9185719219268418","3"
"starPep_06102","1362","1.9185719219268418","3"
"starPep_06115","1363","1.9185719219268418","3"
"starPep_06127","380","169.01159385115244","3"
"starPep_06134","1364","1.9185719219268418","3"
"starPep_06135","898","23.778245662651255","3"
"starPep_06136","899","23.778245662651255","3"
"starPep_06139","1365","1.9185719219268418","3"
"starPep_06140","1366","1.9185719219268418","3"
"starPep_06141","1367","1.9185719219268418","3"
"starPep_06145","1368","1.9185719219268418","3"
"starPep_06146","1042","2.5314042161273744","3"
"starPep_06175","1369","1.9185719219268418","3"
"starPep_06189","1370","1.9185719219268418","3"
"starPep_06190","1371","1.9185719219268418","3"
"starPep_06191","1372","1.9185719219268418","3"
"starPep_06194","1373","1.9185719219268418","3"
"starPep_06203","1374","1.9185719219268418","3"
"starPep_06204","341","275.7756776570468","3"
"starPep_06207","1375","1.9185719219268418","3"
"starPep_06208","1376","1.9185719219268418","3"
"starPep_06209","1377","1.9185719219268418","3"
"starPep_06213","1378","1.9185719219268418","3"
"starPep_06217","1379","1.9185719219268418","3"
"starPep_06225","1380","1.9185719219268418","3"
"starPep_06226","1381","1.9185719219268418","3"
"starPep_06227","1382","1.9185719219268418","3"
"starPep_06228","1383","1.9185719219268418","3"
"starPep_06229","1384","1.9185719219268418","3"
"starPep_06230","1385","1.9185719219268418","3"
"starPep_06231","1386","1.9185719219268418","3"
"starPep_06232","1387","1.9185719219268418","3"
"starPep_06233","1388","1.9185719219268418","3"
"starPep_06234","1389","1.9185719219268418","3"
"starPep_06235","1390","1.9185719219268418","3"
"starPep_06236","1391","1.9185719219268418","3"
"starPep_06237","1392","1.9185719219268418","3"
"starPep_06239","1393","1.9185719219268418","3"
"starPep_06240","1394","1.9185719219268418","3"
"starPep_06242","1395","1.9185719219268418","3"
"starPep_06243","1396","1.9185719219268418","3"
"starPep_06244","1397","1.9185719219268418","3"
"starPep_06245","1398","1.9185719219268418","3"
"starPep_06246","1399","1.9185719219268418","3"
"starPep_06247","1400","1.9185719219268418","3"
"starPep_06248","1401","1.9185719219268418","3"
"starPep_06250","1402","1.9185719219268418","3"
"starPep_06251","1403","1.9185719219268418","3"
"starPep_06254","1404","1.9185719219268418","3"
"starPep_06256","1405","1.9185719219268418","3"
"starPep_06266","966","11.021558618255487","3"
"starPep_06273","1406","1.9185719219268418","3"
"starPep_06276","1407","1.9185719219268418","3"
"starPep_06281","1408","1.9185719219268418","3"
"starPep_06282","1409","1.9185719219268418","3"
"starPep_06283","1410","1.9185719219268418","3"
"starPep_06284","1411","1.9185719219268418","3"
"starPep_06285","1412","1.9185719219268418","3"
"starPep_06286","1413","1.9185719219268418","3"
"starPep_06288","1414","1.9185719219268418","3"
"starPep_06289","1415","1.9185719219268418","3"
"starPep_06290","1416","1.9185719219268418","3"
"starPep_06291","1417","1.9185719219268418","3"
"starPep_06292","1418","1.9185719219268418","3"
"starPep_06293","1419","1.9185719219268418","3"
"starPep_06295","1420","1.9185719219268418","3"
"starPep_06297","1421","1.9185719219268418","3"
"starPep_06298","1422","1.9185719219268418","3"
"starPep_06299","1423","1.9185719219268418","3"
"starPep_06300","1424","1.9185719219268418","3"
"starPep_06301","1425","1.9185719219268418","3"
"starPep_06302","1426","1.9185719219268418","3"
"starPep_06321","1427","1.9185719219268418","3"
"starPep_06335","1428","1.9185719219268418","3"
"starPep_06336","1429","1.9185719219268418","3"
"starPep_06337","1430","1.9185719219268418","3"
"starPep_06338","1431","1.9185719219268418","3"
"starPep_06339","1432","1.9185719219268418","3"
"starPep_06340","1433","1.9185719219268418","3"
"starPep_06341","1434","1.9185719219268418","3"
"starPep_06342","1435","1.9185719219268418","3"
"starPep_06343","1436","1.9185719219268418","3"
"starPep_06344","1437","1.9185719219268418","3"
"starPep_06345","1438","1.9185719219268418","3"
"starPep_06353","1439","1.9185719219268418","3"
"starPep_06360","1440","1.9185719219268418","3"
"starPep_06365","1441","1.9185719219268418","3"
"starPep_06369","940","19.78276007345893","3"
"starPep_06375","1442","1.9185719219268418","3"
"starPep_06376","1443","1.9185719219268418","3"
"starPep_06406","1444","1.9185719219268418","3"
"starPep_06407","1445","1.9185719219268418","3"
"starPep_06408","1446","1.9185719219268418","3"
"starPep_06412","1447","1.9185719219268418","3"
"starPep_06414","1448","1.9185719219268418","3"
"starPep_06415","1449","1.9185719219268418","3"
"starPep_06416","1450","1.9185719219268418","3"
"starPep_06417","1451","1.9185719219268418","3"
"starPep_06418","1452","1.9185719219268418","3"
"starPep_06419","961","14.963004308176613","3"
"starPep_06421","1453","1.9185719219268418","3"
"starPep_06422","1454","1.9185719219268418","3"
"starPep_06424","967","11.021558618255487","3"
"starPep_06428","1455","1.9185719219268418","3"
"starPep_06429","1456","1.9185719219268418","3"
"starPep_06430","1457","1.9185719219268418","3"
"starPep_06431","1458","1.9185719219268418","3"
"starPep_06432","1459","1.9185719219268418","3"
"starPep_06433","1460","1.9185719219268418","3"
"starPep_06434","1461","1.9185719219268418","3"
"starPep_06435","1462","1.9185719219268418","3"
"starPep_06436","1463","1.9185719219268418","3"
"starPep_06437","1464","1.9185719219268418","3"
"starPep_06438","1465","1.9185719219268418","3"
"starPep_06439","1466","1.9185719219268418","3"
"starPep_06440","1467","1.9185719219268418","3"
"starPep_06441","1468","1.9185719219268418","3"
"starPep_06442","1469","1.9185719219268418","3"
"starPep_06443","1470","1.9185719219268418","3"
"starPep_06444","1471","1.9185719219268418","3"
"starPep_06445","1472","1.9185719219268418","3"
"starPep_06446","1473","1.9185719219268418","3"
"starPep_06447","1474","1.9185719219268418","3"
"starPep_06448","1475","1.9185719219268418","3"
"starPep_06449","1476","1.9185719219268418","3"
"starPep_06451","1477","1.9185719219268418","3"
"starPep_06457","1478","1.9185719219268418","3"
"starPep_06458","1479","1.9185719219268418","3"
"starPep_06460","1480","1.9185719219268418","3"
"starPep_06462","1481","1.9185719219268418","3"
"starPep_06464","1482","1.9185719219268418","3"
"starPep_06465","1483","1.9185719219268418","3"
"starPep_06466","1484","1.9185719219268418","3"
"starPep_06467","1485","1.9185719219268418","3"
"starPep_06469","1486","1.9185719219268418","3"
"starPep_06479","1487","1.9185719219268418","3"
"starPep_06485","1488","1.9185719219268418","3"
"starPep_06486","1489","1.9185719219268418","3"
"starPep_06487","1490","1.9185719219268418","3"
"starPep_06492","1491","1.9185719219268418","3"
"starPep_06493","1492","1.9185719219268418","3"
"starPep_06494","1493","1.9185719219268418","3"
"starPep_06496","1494","1.9185719219268418","3"
"starPep_06497","1495","1.9185719219268418","3"
"starPep_06498","1496","1.9185719219268418","3"
"starPep_06500","1497","1.9185719219268418","3"
"starPep_06504","1498","1.9185719219268418","3"
"starPep_06505","1499","1.9185719219268418","3"
"starPep_06510","1500","1.9185719219268418","3"
"starPep_06514","1501","1.9185719219268418","3"
"starPep_06522","1502","1.9185719219268418","3"
"starPep_06523","1503","1.9185719219268418","3"
"starPep_06528","1504","1.9185719219268418","3"
"starPep_06529","1505","1.9185719219268418","3"
"starPep_06530","1506","1.9185719219268418","3"
"starPep_06531","1507","1.9185719219268418","3"
"starPep_06532","1508","1.9185719219268418","3"
"starPep_06533","1509","1.9185719219268418","3"
"starPep_06534","1510","1.9185719219268418","3"
"starPep_06536","1017","6.651710365194038","3"
"starPep_06540","342","275.7756776570468","3"
"starPep_06542","1511","1.9185719219268418","3"
"starPep_06544","1512","1.9185719219268418","3"
"starPep_06549","1513","1.9185719219268418","3"
"starPep_06550","1514","1.9185719219268418","3"
"starPep_06551","964","14.392010853343452","3"
"starPep_06572","1515","1.9185719219268418","3"
"starPep_06576","1516","1.9185719219268418","3"
"starPep_06577","1517","1.9185719219268418","3"
"starPep_06585","1518","1.9185719219268418","3"
"starPep_06586","1519","1.9185719219268418","3"
"starPep_06588","1520","1.9185719219268418","3"
"starPep_06590","1521","1.9185719219268418","3"
"starPep_06600","1522","1.9185719219268418","3"
"starPep_06601","1523","1.9185719219268418","3"
"starPep_06603","1524","1.9185719219268418","3"
"starPep_06604","1525","1.9185719219268418","3"
"starPep_06605","1526","1.9185719219268418","3"
"starPep_06615","1527","1.9185719219268418","3"
"starPep_06616","1528","1.9185719219268418","3"
"starPep_06617","1529","1.9185719219268418","3"
"starPep_06618","1530","1.9185719219268418","3"
"starPep_06619","1531","1.9185719219268418","3"
"starPep_06620","1532","1.9185719219268418","3"
"starPep_06621","1533","1.9185719219268418","3"
"starPep_06622","1534","1.9185719219268418","3"
"starPep_06624","1535","1.9185719219268418","3"
"starPep_06625","1536","1.9185719219268418","3"
"starPep_06627","1537","1.9185719219268418","3"
"starPep_06628","1538","1.9185719219268418","3"
"starPep_06629","1539","1.9185719219268418","3"
"starPep_06639","1540","1.9185719219268418","3"
"starPep_06641","1541","1.9185719219268418","3"
"starPep_06642","1542","1.9185719219268418","3"
"starPep_06643","1543","1.9185719219268418","3"
"starPep_06644","1544","1.9185719219268418","3"
"starPep_06645","1545","1.9185719219268418","3"
"starPep_06646","1546","1.9185719219268418","3"
"starPep_06647","1547","1.9185719219268418","3"
"starPep_06648","1548","1.9185719219268418","3"
"starPep_06649","1549","1.9185719219268418","3"
"starPep_06650","1550","1.9185719219268418","3"
"starPep_06651","1551","1.9185719219268418","3"
"starPep_06652","1552","1.9185719219268418","3"
"starPep_06653","1553","1.9185719219268418","3"
"starPep_06654","1554","1.9185719219268418","3"
"starPep_06655","1555","1.9185719219268418","3"
"starPep_06686","1556","1.9185719219268418","3"
"starPep_06687","1557","1.9185719219268418","3"
"starPep_06690","1558","1.9185719219268418","3"
"starPep_06716","1559","1.9185719219268418","3"
"starPep_06722","382","164.69498360288813","3"
"starPep_06733","1560","1.9185719219268418","3"
"starPep_06761","1025","5.343031720458736","3"
"starPep_06762","1026","5.343031720458736","3"
"starPep_06767","965","14.392010853343452","3"
"starPep_06789","1561","1.9185719219268418","3"
"starPep_06794","1562","1.9185719219268418","3"
"starPep_06816","631","51.537224895303126","3"
"starPep_06817","1029","4.039598135025794","3"
"starPep_06821","1030","4.039598135025794","3"
"starPep_06822","632","51.537224895303126","3"
"starPep_06823","633","51.537224895303126","3"
"starPep_06824","1031","4.039598135025794","3"
"starPep_06827","634","51.537224895303126","3"
"starPep_06828","1032","4.039598135025794","3"
"starPep_06830","1033","4.039598135025794","3"
"starPep_06831","1034","4.039598135025794","3"
"starPep_06832","635","51.537224895303126","3"
"starPep_06837","1035","4.039598135025794","3"
"starPep_06844","1563","1.9185719219268418","3"
"starPep_06861","1039","3.396216901290843","3"
"starPep_06862","947","18.503048121290597","3"
"starPep_06944","948","18.503048121290597","3"
"starPep_06945","949","18.503048121290597","3"
"starPep_06954","1040","3.396216901290843","3"
"starPep_06974","1027","5.343031720458736","3"
"starPep_07050","1564","1.9185719219268418","3"
"starPep_07051","1565","1.9185719219268418","3"
"starPep_07121","1566","1.9185719219268418","3"
"starPep_07151","1567","1.9185719219268418","3"
"starPep_07163","1568","1.9185719219268418","3"
"starPep_07183","1569","1.9185719219268418","3"
"starPep_07184","1570","1.9185719219268418","3"
"starPep_07187","1571","1.9185719219268418","3"
"starPep_07188","1572","1.9185719219268418","3"
"starPep_07189","1573","1.9185719219268418","3"
"starPep_07190","1574","1.9185719219268418","3"
"starPep_07191","1575","1.9185719219268418","3"
"starPep_07192","1576","1.9185719219268418","3"
"starPep_07193","1577","1.9185719219268418","3"
"starPep_07194","1578","1.9185719219268418","3"
"starPep_07208","1579","1.9185719219268418","3"
"starPep_07215","1580","1.9185719219268418","3"
"starPep_07276","1581","1.9185719219268418","3"
"starPep_07290","1018","6.651710365194038","3"
"starPep_07308","1582","1.9185719219268418","3"
"starPep_07311","1583","1.9185719219268418","3"
"starPep_07316","1584","1.9185719219268418","3"
"starPep_07321","1585","1.9185719219268418","3"
"starPep_07398","1586","1.9185719219268418","3"
"starPep_07399","1587","1.9185719219268418","3"
"starPep_07400","1588","1.9185719219268418","3"
"starPep_07401","1589","1.9185719219268418","3"
"starPep_07408","1019","6.651710365194038","3"
"starPep_07409","1020","6.651710365194038","3"
"starPep_07416","1590","1.9185719219268418","3"
"starPep_07417","1591","1.9185719219268418","3"
"starPep_07418","1592","1.9185719219268418","3"
"starPep_07419","1593","1.9185719219268418","3"
"starPep_07420","1594","1.9185719219268418","3"
"starPep_07421","1595","1.9185719219268418","3"
"starPep_07422","1596","1.9185719219268418","3"
"starPep_07423","1597","1.9185719219268418","3"
"starPep_07425","1598","1.9185719219268418","3"
"starPep_07426","1599","1.9185719219268418","3"
"starPep_07427","1600","1.9185719219268418","3"
"starPep_07429","1601","1.9185719219268418","3"
"starPep_07469","1602","1.9185719219268418","3"
"starPep_07494","1603","1.9185719219268418","3"
"starPep_07502","1604","1.9185719219268418","3"
"starPep_07504","1605","1.9185719219268418","3"
"starPep_07518","1606","1.9185719219268418","3"
"starPep_07519","1607","1.9185719219268418","3"
"starPep_07520","1608","1.9185719219268418","3"
"starPep_07521","1609","1.9185719219268418","3"
"starPep_07544","1610","1.9185719219268418","3"
"starPep_07557","1611","1.9185719219268418","3"
"starPep_07558","1612","1.9185719219268418","3"
"starPep_07559","1613","1.9185719219268418","3"
"starPep_07603","1614","1.9185719219268418","3"
"starPep_07604","1615","1.9185719219268418","3"
"starPep_07614","1616","1.9185719219268418","3"
"starPep_07628","1617","1.9185719219268418","3"
"starPep_07629","1618","1.9185719219268418","3"
"starPep_07630","1619","1.9185719219268418","3"
"starPep_07631","1620","1.9185719219268418","3"
"starPep_07669","1621","1.9185719219268418","3"
"starPep_07670","1622","1.9185719219268418","3"
"starPep_07673","1623","1.9185719219268418","3"
"starPep_07675","1624","1.9185719219268418","3"
"starPep_07681","1625","1.9185719219268418","3"
"starPep_07682","1626","1.9185719219268418","3"
"starPep_07690","1627","1.9185719219268418","3"
"starPep_07700","1628","1.9185719219268418","3"
"starPep_07735","1021","6.651710365194038","3"
"starPep_07736","1022","6.651710365194038","3"
"starPep_07737","1023","6.651710365194038","3"
"starPep_07743","1629","1.9185719219268418","3"
"starPep_07744","1630","1.9185719219268418","3"
"starPep_07749","1631","1.9185719219268418","3"
"starPep_07753","1632","1.9185719219268418","3"
"starPep_07784","1633","1.9185719219268418","3"
"starPep_07785","1634","1.9185719219268418","3"
"starPep_07821","447","118.75966355747096","3"
"starPep_07822","1635","1.9185719219268418","3"
"starPep_07823","1636","1.9185719219268418","3"
"starPep_07824","1637","1.9185719219268418","3"
"starPep_07825","1638","1.9185719219268418","3"
"starPep_07826","1639","1.9185719219268418","3"
"starPep_07827","1640","1.9185719219268418","3"
"starPep_07832","1641","1.9185719219268418","3"
"starPep_07843","1642","1.9185719219268418","3"
"starPep_07846","1643","1.9185719219268418","3"
"starPep_07848","1644","1.9185719219268418","3"
"starPep_07850","1645","1.9185719219268418","3"
"starPep_07851","1646","1.9185719219268418","3"
"starPep_07852","1647","1.9185719219268418","3"
"starPep_07853","1648","1.9185719219268418","3"
"starPep_07854","1649","1.9185719219268418","3"
"starPep_07855","1650","1.9185719219268418","3"
"starPep_07856","1651","1.9185719219268418","3"
"starPep_07857","1652","1.9185719219268418","3"
"starPep_07858","1653","1.9185719219268418","3"
"starPep_07863","1654","1.9185719219268418","3"
"starPep_07866","1655","1.9185719219268418","3"
"starPep_07868","1656","1.9185719219268418","3"
"starPep_07873","941","19.78276007345893","3"
"starPep_07874","942","19.78276007345893","3"
"starPep_07875","943","19.78276007345893","3"
"starPep_07878","944","19.78276007345893","3"
"starPep_07880","945","19.78276007345893","3"
"starPep_07903","1657","1.9185719219268418","3"
"starPep_07904","1658","1.9185719219268418","3"
"starPep_07905","1659","1.9185719219268418","3"
"starPep_07906","1660","1.9185719219268418","3"
"starPep_07909","1661","1.9185719219268418","3"
"starPep_07916","946","19.78276007345893","3"
"starPep_07918","1662","1.9185719219268418","3"
"starPep_07919","1663","1.9185719219268418","3"
"starPep_07939","1664","1.9185719219268418","3"
"starPep_07945","1665","1.9185719219268418","3"
"starPep_07948","1024","6.651710365194038","3"
"starPep_07960","1666","1.9185719219268418","3"
"starPep_07962","1667","1.9185719219268418","3"
"starPep_07995","1668","1.9185719219268418","3"
"starPep_07998","1669","1.9185719219268418","3"
"starPep_08004","1670","1.9185719219268418","3"
"starPep_08006","1671","1.9185719219268418","3"
"starPep_08007","1672","1.9185719219268418","3"
"starPep_08009","1673","1.9185719219268418","3"
"starPep_08013","1674","1.9185719219268418","3"
"starPep_08014","1675","1.9185719219268418","3"
"starPep_08015","1676","1.9185719219268418","3"
"starPep_08016","1677","1.9185719219268418","3"
"starPep_08021","1678","1.9185719219268418","3"
"starPep_08022","1679","1.9185719219268418","3"
"starPep_08040","1680","1.9185719219268418","3"
"starPep_08041","1681","1.9185719219268418","3"
"starPep_08079","1682","1.9185719219268418","3"
"starPep_08081","1683","1.9185719219268418","3"
"starPep_08083","1684","1.9185719219268418","3"
"starPep_08084","1685","1.9185719219268418","3"
"starPep_08085","1686","1.9185719219268418","3"
"starPep_08086","1687","1.9185719219268418","3"
"starPep_08087","1688","1.9185719219268418","3"
"starPep_08164","1702","0.033319019459012306","2"
"starPep_08193","1703","0.033319019459012306","2"
"starPep_08194","1704","0.033319019459012306","2"
"starPep_08210","1705","0.033319019459012306","2"
"starPep_08212","720","35.161246364164356","2"
"starPep_08213","721","35.161246364164356","2"
"starPep_08214","722","35.161246364164356","2"
"starPep_08248","723","35.161246364164356","2"
"starPep_08298","724","35.161246364164356","2"
"starPep_08360","1706","0.033319019459012306","2"
"starPep_08375","1707","0.033319019459012306","2"
"starPep_08411","1708","0.033319019459012306","2"
"starPep_08412","1709","0.033319019459012306","2"
"starPep_08413","1710","0.033319019459012306","2"
"starPep_08414","1711","0.033319019459012306","2"
"starPep_08415","1712","0.033319019459012306","2"
"starPep_08416","1713","0.033319019459012306","2"
"starPep_08417","1714","0.033319019459012306","2"
"starPep_08449","1715","0.033319019459012306","2"
"starPep_08543","1716","0.033319019459012306","2"
"starPep_08547","1717","0.033319019459012306","2"
"starPep_08652","1718","0.033319019459012306","2"
"starPep_08653","1719","0.033319019459012306","2"
"starPep_08654","1720","0.033319019459012306","2"
"starPep_08655","1721","0.033319019459012306","2"
"starPep_08662","1722","0.033319019459012306","2"
"starPep_08714","1723","0.033319019459012306","2"
"starPep_08715","1724","0.033319019459012306","2"
"starPep_08733","1725","0.033319019459012306","2"
"starPep_08748","1726","0.033319019459012306","2"
"starPep_08873","1727","0.033319019459012306","2"
"starPep_08874","1728","0.033319019459012306","2"
"starPep_08875","1729","0.033319019459012306","2"
"starPep_08913","1730","0.033319019459012306","2"
"starPep_08969","1731","0.033319019459012306","2"
"starPep_08971","1732","0.033319019459012306","2"
"starPep_09011","725","35.161246364164356","2"
"starPep_09094","726","35.161246364164356","2"
"starPep_09100","1733","0.033319019459012306","2"
"starPep_09207","1734","0.033319019459012306","2"
"starPep_09225","1735","0.033319019459012306","2"
"starPep_09239","1736","0.033319019459012306","2"
"starPep_09251","1737","0.033319019459012306","2"
"starPep_09252","1738","0.033319019459012306","2"
"starPep_09263","1739","0.033319019459012306","2"
"starPep_09264","1740","0.033319019459012306","2"
"starPep_09316","1741","0.033319019459012306","2"
"starPep_09317","1742","0.033319019459012306","2"
"starPep_09431","1743","0.033319019459012306","2"
"starPep_09481","727","35.161246364164356","2"
"starPep_09482","1744","0.033319019459012306","2"
"starPep_09532","1745","0.033319019459012306","2"
"starPep_09539","388","155.68053493229087","2"
"starPep_09542","1746","0.033319019459012306","2"
"starPep_09558","1747","0.033319019459012306","2"
"starPep_09559","1748","0.033319019459012306","2"
"starPep_09561","1749","0.033319019459012306","2"
"starPep_09563","1750","0.033319019459012306","2"
"starPep_09593","1751","0.033319019459012306","2"
"starPep_09594","1752","0.033319019459012306","2"
"starPep_09595","1753","0.033319019459012306","2"
"starPep_09597","1754","0.033319019459012306","2"
"starPep_09598","1755","0.033319019459012306","2"
"starPep_09599","1756","0.033319019459012306","2"
"starPep_09600","1757","0.033319019459012306","2"
"starPep_09602","1758","0.033319019459012306","2"
"starPep_09604","1759","0.033319019459012306","2"
"starPep_09605","1760","0.033319019459012306","2"
"starPep_09615","1761","0.033319019459012306","2"
"starPep_09632","1762","0.033319019459012306","2"
"starPep_09633","1763","0.033319019459012306","2"
"starPep_09640","1764","0.033319019459012306","2"
"starPep_09738","1765","0.033319019459012306","2"
"starPep_09740","1766","0.033319019459012306","2"
"starPep_09741","1767","0.033319019459012306","2"
"starPep_09752","1768","0.033319019459012306","2"
"starPep_09753","1769","0.033319019459012306","2"
"starPep_09754","1770","0.033319019459012306","2"
"starPep_09761","1771","0.033319019459012306","2"
"starPep_09799","1772","0.033319019459012306","2"
"starPep_09800","1697","0.7717081900380713","2"
"starPep_09801","1773","0.033319019459012306","2"
"starPep_09802","1774","0.033319019459012306","2"
"starPep_09803","1775","0.033319019459012306","2"
"starPep_09804","1698","0.7717081900380713","2"
"starPep_09805","1776","0.033319019459012306","2"
"starPep_09825","1777","0.033319019459012306","2"
"starPep_09854","1778","0.033319019459012306","2"
"starPep_09860","1779","0.033319019459012306","2"
"starPep_09870","1780","0.033319019459012306","2"
"starPep_09900","1781","0.033319019459012306","2"
"starPep_09904","1782","0.033319019459012306","2"
"starPep_09930","1699","0.7717081900380713","2"
"starPep_09933","1783","0.033319019459012306","2"
"starPep_09959","1784","0.033319019459012306","2"
"starPep_09979","728","35.161246364164356","2"
"starPep_09998","1785","0.033319019459012306","2"
"starPep_10001","1786","0.033319019459012306","2"
"starPep_10010","1787","0.033319019459012306","2"
"starPep_10016","1788","0.033319019459012306","2"
"starPep_10113","1789","0.033319019459012306","2"
"starPep_10153","1790","0.033319019459012306","2"
"starPep_10154","1791","0.033319019459012306","2"
"starPep_10185","1792","0.033319019459012306","2"
"starPep_10186","1793","0.033319019459012306","2"
"starPep_10187","1794","0.033319019459012306","2"
"starPep_10188","1795","0.033319019459012306","2"
"starPep_10189","1796","0.033319019459012306","2"
"starPep_10190","1797","0.033319019459012306","2"
"starPep_10191","1798","0.033319019459012306","2"
"starPep_10192","1799","0.033319019459012306","2"
"starPep_10193","1800","0.033319019459012306","2"
"starPep_10194","1801","0.033319019459012306","2"
"starPep_10195","1802","0.033319019459012306","2"
"starPep_10196","1803","0.033319019459012306","2"
"starPep_10252","1804","0.033319019459012306","2"
"starPep_10258","1805","0.033319019459012306","2"
"starPep_10264","1806","0.033319019459012306","2"
"starPep_10285","1807","0.033319019459012306","2"
"starPep_10306","1808","0.033319019459012306","2"
"starPep_10335","1809","0.033319019459012306","2"
"starPep_10364","1810","0.033319019459012306","2"
"starPep_10394","1811","0.033319019459012306","2"
"starPep_10407","1812","0.033319019459012306","2"
"starPep_10414","1813","0.033319019459012306","2"
"starPep_10418","1814","0.033319019459012306","2"
"starPep_10419","1815","0.033319019459012306","2"
"starPep_10420","1816","0.033319019459012306","2"
"starPep_10486","1817","0.033319019459012306","2"
"starPep_10487","1818","0.033319019459012306","2"
"starPep_10514","1819","0.033319019459012306","2"
"starPep_10560","1820","0.033319019459012306","2"
"starPep_10566","1821","0.033319019459012306","2"
"starPep_10590","1822","0.033319019459012306","2"
"starPep_10618","1823","0.033319019459012306","2"
"starPep_10802","1824","0.033319019459012306","2"
"starPep_10844","1825","0.033319019459012306","2"
"starPep_10845","1826","0.033319019459012306","2"
"starPep_10850","1827","0.033319019459012306","2"
"starPep_10851","1828","0.033319019459012306","2"
"starPep_10852","1829","0.033319019459012306","2"
"starPep_10857","1830","0.033319019459012306","2"
"starPep_10858","1831","0.033319019459012306","2"
"starPep_10900","1832","0.033319019459012306","2"
"starPep_10919","1833","0.033319019459012306","2"
"starPep_10931","1834","0.033319019459012306","2"
"starPep_11018","1835","0.033319019459012306","2"
"starPep_11053","1836","0.033319019459012306","2"
"starPep_11054","1837","0.033319019459012306","2"
"starPep_11071","1838","0.033319019459012306","2"
"starPep_11073","1839","0.033319019459012306","2"
"starPep_11074","1840","0.033319019459012306","2"
"starPep_11075","1841","0.033319019459012306","2"
"starPep_11076","1842","0.033319019459012306","2"
"starPep_11077","1843","0.033319019459012306","2"
"starPep_11078","1844","0.033319019459012306","2"
"starPep_11079","1845","0.033319019459012306","2"
"starPep_11080","1846","0.033319019459012306","2"
"starPep_11081","1847","0.033319019459012306","2"
"starPep_11082","1848","0.033319019459012306","2"
"starPep_11083","1849","0.033319019459012306","2"
"starPep_11084","1850","0.033319019459012306","2"
"starPep_11085","1851","0.033319019459012306","2"
"starPep_11086","1852","0.033319019459012306","2"
"starPep_11087","1853","0.033319019459012306","2"
"starPep_11097","1854","0.033319019459012306","2"
"starPep_11098","1855","0.033319019459012306","2"
"starPep_11143","1856","0.033319019459012306","2"
"starPep_11171","1857","0.033319019459012306","2"
"starPep_11182","1858","0.033319019459012306","2"
"starPep_11183","1859","0.033319019459012306","2"
"starPep_11186","1860","0.033319019459012306","2"
"starPep_11187","1861","0.033319019459012306","2"
"starPep_11188","1862","0.033319019459012306","2"
"starPep_11189","1863","0.033319019459012306","2"
"starPep_11190","1864","0.033319019459012306","2"
"starPep_11191","1865","0.033319019459012306","2"
"starPep_11193","1866","0.033319019459012306","2"
"starPep_11194","1867","0.033319019459012306","2"
"starPep_11195","1868","0.033319019459012306","2"
"starPep_11202","1869","0.033319019459012306","2"
"starPep_11216","1870","0.033319019459012306","2"
"starPep_11235","1871","0.033319019459012306","2"
"starPep_11244","1872","0.033319019459012306","2"
"starPep_11245","1873","0.033319019459012306","2"
"starPep_11249","1874","0.033319019459012306","2"
"starPep_11250","1875","0.033319019459012306","2"
"starPep_11254","1876","0.033319019459012306","2"
"starPep_11255","1877","0.033319019459012306","2"
"starPep_11262","1878","0.033319019459012306","2"
"starPep_11288","1879","0.033319019459012306","2"
"starPep_11305","1880","0.033319019459012306","2"
"starPep_11307","1881","0.033319019459012306","2"
"starPep_11308","1882","0.033319019459012306","2"
"starPep_11310","1883","0.033319019459012306","2"
"starPep_11319","1884","0.033319019459012306","2"
"starPep_11404","227","497.99105548960887","2"
"starPep_11427","1885","0.033319019459012306","2"
"starPep_11428","1886","0.033319019459012306","2"
"starPep_11491","1887","0.033319019459012306","2"
"starPep_11492","1888","0.033319019459012306","2"
"starPep_11493","1889","0.033319019459012306","2"
"starPep_11494","1890","0.033319019459012306","2"
"starPep_11520","1043","2.3732303811277595","2"
"starPep_11535","1044","2.3732303811277595","2"
"starPep_11536","1045","2.3732303811277595","2"
"starPep_11537","1046","2.3732303811277595","2"
"starPep_11539","1047","2.3732303811277595","2"
"starPep_11540","1048","2.3732303811277595","2"
"starPep_11549","1049","2.3732303811277595","2"
"starPep_11554","1050","2.3732303811277595","2"
"starPep_11564","1700","0.6679264742745471","2"
"starPep_11566","1051","2.3732303811277595","2"
"starPep_11568","1052","2.3732303811277595","2"
"starPep_11570","1053","2.3732303811277595","2"
"starPep_11573","1054","2.3732303811277595","2"
"starPep_11592","1055","2.3732303811277595","2"
"starPep_11598","1056","2.3732303811277595","2"
"starPep_11599","1057","2.3732303811277595","2"
"starPep_11610","1701","0.6679264742745471","2"
"starPep_11625","1058","2.3732303811277595","2"
"starPep_11626","1059","2.3732303811277595","2"
"starPep_11627","1060","2.3732303811277595","2"
"starPep_11632","1061","2.3732303811277595","2"
"starPep_11633","1062","2.3732303811277595","2"
"starPep_11636","1063","2.3732303811277595","2"
"starPep_11637","1064","2.3732303811277595","2"
"starPep_11638","1065","2.3732303811277595","2"
"starPep_11639","1066","2.3732303811277595","2"
"starPep_11640","1067","2.3732303811277595","2"
"starPep_11645","1068","2.3732303811277595","2"
"starPep_11650","1069","2.3732303811277595","2"
"starPep_11651","1070","2.3732303811277595","2"
"starPep_11674","1071","2.3732303811277595","2"
"starPep_11687","1072","2.3732303811277595","2"
"starPep_11692","1073","2.3732303811277595","2"
"starPep_11693","1074","2.3732303811277595","2"
"starPep_11696","1075","2.3732303811277595","2"
"starPep_11702","1076","2.3732303811277595","2"
"starPep_11703","1077","2.3732303811277595","2"
"starPep_11731","1891","0.033319019459012306","2"
"starPep_11742","1036","3.6350635985965263","2"
"starPep_11743","1037","3.6350635985965263","2"
"starPep_11744","1038","3.6350635985965263","2"
"starPep_11745","1690","0.9984412796234869","2"
"starPep_11799","1691","0.9984412796234869","2"
"starPep_11800","1692","0.9984412796234869","2"
"starPep_11812","1693","0.9984412796234869","2"
"starPep_11820","1694","0.9984412796234869","2"
"starPep_11830","1892","0.033319019459012306","2"
"starPep_11831","1893","0.033319019459012306","2"
"starPep_11836","1894","0.033319019459012306","2"
"starPep_11837","1895","0.033319019459012306","2"
"starPep_11842","1078","2.3732303811277595","2"
"starPep_11864","1695","0.9984412796234869","2"
"starPep_11890","729","35.161246364164356","2"
"starPep_11895","1696","0.9984412796234869","2"
"starPep_11953","730","35.161246364164356","2"
"starPep_11960","1896","0.033319019459012306","2"
"starPep_11985","1897","0.033319019459012306","2"
"starPep_11991","1079","2.3732303811277595","2"
"starPep_12071","1898","0.033319019459012306","2"
"starPep_12102","1899","0.033319019459012306","2"
"starPep_12103","1900","0.033319019459012306","2"
"starPep_12115","1901","0.033319019459012306","2"
"starPep_12116","1902","0.033319019459012306","2"
"starPep_12117","1903","0.033319019459012306","2"
"starPep_12118","1904","0.033319019459012306","2"
"starPep_12119","1905","0.033319019459012306","2"
"starPep_12120","1906","0.033319019459012306","2"
"starPep_12171","1907","0.033319019459012306","2"
"starPep_12346","1908","0.033319019459012306","2"
"starPep_12374","1909","0.033319019459012306","2"
"starPep_12396","1910","0.033319019459012306","2"
"starPep_12404","1911","0.033319019459012306","2"
"starPep_12420","1912","0.033319019459012306","2"
"starPep_12443","1913","0.033319019459012306","2"
"starPep_12479","1914","0.033319019459012306","2"
"starPep_12480","1915","0.033319019459012306","2"
"starPep_12481","1916","0.033319019459012306","2"
"starPep_12482","1917","0.033319019459012306","2"
"starPep_12483","1918","0.033319019459012306","2"
"starPep_12588","1919","0.033319019459012306","2"
"starPep_12589","1920","0.033319019459012306","2"
"starPep_12610","1921","0.033319019459012306","2"
"starPep_12611","1922","0.033319019459012306","2"
"starPep_12612","1923","0.033319019459012306","2"
"starPep_12613","1924","0.033319019459012306","2"
"starPep_12614","1925","0.033319019459012306","2"
"starPep_12615","1926","0.033319019459012306","2"
"starPep_12667","1927","0.033319019459012306","2"
"starPep_12668","1928","0.033319019459012306","2"
"starPep_12669","1929","0.033319019459012306","2"
"starPep_12670","1930","0.033319019459012306","2"
"starPep_12707","1931","0.033319019459012306","2"
"starPep_12936","1932","0.033319019459012306","2"
"starPep_13007","1933","0.033319019459012306","2"
"starPep_13008","1934","0.033319019459012306","2"
"starPep_13054","1935","0.033319019459012306","2"
"starPep_13078","1936","0.033319019459012306","2"
"starPep_13104","1937","0.033319019459012306","2"
"starPep_13105","1938","0.033319019459012306","2"
"starPep_13159","1939","0.033319019459012306","2"
"starPep_13165","1940","0.033319019459012306","2"
"starPep_13196","1941","0.033319019459012306","2"
"starPep_13232","1942","0.033319019459012306","2"
"starPep_13275","1943","0.033319019459012306","2"
"starPep_13276","1944","0.033319019459012306","2"
"starPep_13277","1945","0.033319019459012306","2"
"starPep_13373","1946","0.033319019459012306","2"
"starPep_13374","1947","0.033319019459012306","2"
"starPep_13375","1948","0.033319019459012306","2"
"starPep_13432","1949","0.033319019459012306","2"
"starPep_13446","1950","0.033319019459012306","2"
"starPep_13460","228","497.99105548960887","2"
"starPep_13473","1951","0.033319019459012306","2"
"starPep_13474","1952","0.033319019459012306","2"
"starPep_13475","1953","0.033319019459012306","2"
"starPep_13476","1954","0.033319019459012306","2"
"starPep_13477","1955","0.033319019459012306","2"
"starPep_13478","1956","0.033319019459012306","2"
"starPep_13479","1957","0.033319019459012306","2"
"starPep_13480","1958","0.033319019459012306","2"
"starPep_13481","1959","0.033319019459012306","2"
"starPep_13482","1960","0.033319019459012306","2"
"starPep_13523","1961","0.033319019459012306","2"
"starPep_13610","1962","0.033319019459012306","2"
"starPep_13684","1963","0.033319019459012306","2"
"starPep_13710","1964","0.033319019459012306","2"
"starPep_13711","1965","0.033319019459012306","2"
"starPep_13770","1966","0.033319019459012306","2"
"starPep_13777","1967","0.033319019459012306","2"
"starPep_13818","1968","0.033319019459012306","2"
"starPep_13874","1969","0.033319019459012306","2"
"starPep_14962","1971","0.0","1"
"starPep_17024","1972","0.0","1"
"starPep_19904","1973","0.0","1"
"starPep_20198","1974","0.0","1"
"starPep_20283","1975","0.0","1"
"starPep_20284","1976","0.0","1"
"starPep_20686","1977","0.0","1"
"starPep_21062","1978","0.0","1"
"starPep_22453","1979","0.0","1"
"starPep_22713","1980","0.0","1"
"starPep_22750","1981","0.0","1"
"starPep_23159","1982","0.0","1"
"starPep_23185","1983","0.0","1"
"starPep_23186","1984","0.0","1"
"starPep_23188","1985","0.0","1"
"starPep_23192","1986","0.0","1"
"starPep_23206","1987","0.0","1"
"starPep_23207","1988","0.0","1"
"starPep_23208","1989","0.0","1"
"starPep_23209","1990","0.0","1"
"starPep_23212","1991","0.0","1"
"starPep_23214","1992","0.0","1"
"starPep_23217","1993","0.0","1"
"starPep_23227","1994","0.0","1"
"starPep_23245","1995","0.0","1"
"starPep_23251","1996","0.0","1"
"starPep_23252","1997","0.0","1"
"starPep_23254","1998","0.0","1"
"starPep_23255","1999","0.0","1"
"starPep_23256","2000","0.0","1"
"starPep_24042","2001","0.0","1"
"starPep_26620","2002","0.0","1"
"starPep_26621","2003","0.0","1"
"starPep_26622","2004","0.0","1"
"starPep_26623","2005","0.0","1"
"starPep_27131","2006","0.0","1"
"starPep_27173","2007","0.0","1"
"starPep_29246","2008","0.0","1"
"starPep_30144","2009","0.0","1"
"starPep_30509","2010","0.0","1"
"starPep_30515","2011","0.0","1"
"starPep_31998","2012","0.0","1"
"starPep_32013","2013","0.0","1"
"starPep_32014","2014","0.0","1"
"starPep_32053","2015","0.0","1"
"starPep_32054","2016","0.0","1"
"starPep_32131","2017","0.0","1"
"starPep_32280","2018","0.0","1"
"starPep_32281","2019","0.0","1"
"starPep_32362","2020","0.0","1"
"starPep_32454","2021","0.0","1"
"starPep_32459","2022","0.0","1"
"starPep_32462","2023","0.0","1"
"starPep_32466","2024","0.0","1"
"starPep_32469","2025","0.0","1"
"starPep_32546","2026","0.0","1"
"starPep_32607","2027","0.0","1"
"starPep_32648","2028","0.0","1"
"starPep_32701","2029","0.0","1"
"starPep_32702","2030","0.0","1"
"starPep_32802","2031","0.0","1"
"starPep_32978","2032","0.0","1"
"starPep_32981","2033","0.0","1"
"starPep_33037","2034","0.0","1"
"starPep_33608","2035","0.0","1"
"starPep_34367","2036","0.0","1"
"starPep_37428","2037","0.0","1"
"starPep_40807","2038","0.0","1"
"starPep_41594","2039","0.0","1"
"starPep_44675","2040","0.0","1"
